dataset,probe,filters,kernel_size,lstm_units,dropout,learning_rate,batch_size,val_loss,val_accuracy,precision,recall,f1,epochs_used,method
Sleep-EDF,1,57,4,102,0.3394633936788146,0.0016445845403801217,23,0.9956644177436829,0.59296875,0.5828664296656716,0.5778291406013316,0.5617232286339753,4,Bayesian Optimization
Sleep-EDF,2,22,4,89,0.3832290311184182,0.00030378649352844425,62,1.5047460794448853,0.31484375,0.32283103354125975,0.2906804095783969,0.21329215110064767,4,Bayesian Optimization
Sleep-EDF,3,109,2,49,0.17336180394137352,0.0031119982052994237,41,1.2637159824371338,0.45390625,0.5243313736912893,0.4612558302715903,0.451888533337833,4,Bayesian Optimization
Sleep-EDF,4,64,2,90,0.15579754426081674,0.0029922320204986597,33,0.9581040143966675,0.5921875,0.5915794551189781,0.5766308466955538,0.5665475108801845,4,Bayesian Optimization
Sleep-EDF,5,67,4,51,0.3056937753654446,0.005964904231734221,18,1.0355595350265503,0.54375,0.49186981489429976,0.5273372822335626,0.4831283954423419,4,Bayesian Optimization
Sleep-EDF,6,84,2,38,0.4795542149013333,0.009659757127438138,54,1.3827106952667236,0.353125,0.42279012827418105,0.35819205984061425,0.27764778756983094,4,Bayesian Optimization
Sleep-EDF,7,50,2,97,0.27606099749584057,0.0013081785249633106,39,0.9004701375961304,0.59609375,0.5946773327550838,0.5826972940145886,0.572289604799533,4,Bayesian Optimization
Sleep-EDF,8,19,4,56,0.36500891374159283,0.0031859396532851686,40,1.036620855331421,0.559375,0.5580635762553193,0.5519914560868764,0.5192201763011423,4,Bayesian Optimization
Sleep-EDF,9,77,2,125,0.4100531293444458,0.009401039521485473,58,1.2324683666229248,0.43984375,0.42623160857817943,0.44392898895897337,0.4028938940353727,4,Bayesian Optimization
Sleep-EDF,10,82,4,40,0.1783931449676581,0.0005477501602143269,31,0.9237892031669617,0.62734375,0.6325912219251443,0.6167228278239538,0.6186920429687203,4,Bayesian Optimization
Sleep-EDF,11,59,2,111,0.2427013306774357,0.0028812516459050695,42,1.0472631454467773,0.53984375,0.5550303903591907,0.5213273254953663,0.46400937920984,4,Bayesian Optimization
Sleep-EDF,12,31,4,39,0.4947547746402069,0.00774522321603691,25,0.9709134101867676,0.578125,0.5507429806087524,0.5635026006019085,0.5356148094143393,4,Bayesian Optimization
Sleep-EDF,13,16,4,99,0.3916028672163949,0.007735576432190864,19,1.0147597789764404,0.57890625,0.5726374584403537,0.5737936517129024,0.5472011486196869,4,Bayesian Optimization
Sleep-EDF,14,56,2,114,0.3493192507310232,0.003375890446041227,19,1.0273902416229248,0.5703125,0.5583192633145952,0.5526419225467847,0.5208511322424172,4,Bayesian Optimization
Sleep-EDF,15,50,2,102,0.35502298854208525,0.008883406151505633,38,1.2926820516586304,0.434375,0.4896275248708597,0.4456339012391154,0.4108485696059569,4,Bayesian Optimization
Sleep-EDF,16,29,4,105,0.3245108790277985,0.007732575081550155,39,1.569124460220337,0.39765625,0.49386285307517286,0.39424020562797296,0.4054612800162616,3,Bayesian Optimization
Sleep-EDF,17,74,3,34,0.1431565707973218,0.0004111489382986691,46,0.9953967928886414,0.57734375,0.5465598074199632,0.5605313996525161,0.5447211446448146,4,Bayesian Optimization
Sleep-EDF,18,51,3,119,0.19971689165954998,0.004162790938052735,52,1.1383179426193237,0.51796875,0.5219933459644047,0.501424206340708,0.48074225256354575,4,Bayesian Optimization
Sleep-EDF,19,41,2,59,0.16448851490160177,0.009304006758191473,54,1.1754082441329956,0.55078125,0.5145610243207737,0.529867193419405,0.48749234850381085,4,Bayesian Optimization
Sleep-EDF,20,86,4,109,0.17462802355441434,0.00893633408505078,41,1.1796929836273193,0.484375,0.48784878641326895,0.4683328615525012,0.4442331689736226,4,Bayesian Optimization
Sleep-EDF,21,63,4,49,0.4264928682957819,0.0017249997967527866,35,1.2421460151672363,0.465625,0.5596159974699708,0.4573818956511955,0.43902194704007363,4,Bayesian Optimization
Sleep-EDF,22,109,3,65,0.3356823367637263,0.00799876594490386,57,1.237060785293579,0.471875,0.46698440947455727,0.4577098596404962,0.3952652613151515,4,Bayesian Optimization
Sleep-EDF,23,26,4,68,0.3836780706014705,0.002485179051171415,59,1.139024257659912,0.5125,0.4426074756698094,0.49128827943662606,0.42576973514294636,4,Bayesian Optimization
Sleep-EDF,24,71,3,122,0.23633157260123447,0.003690930421227392,58,1.263869285583496,0.43828125,0.4159531741018001,0.4220047093033853,0.3808925887590534,4,Bayesian Optimization
Sleep-EDF,25,123,4,34,0.3371124228831586,0.008511757152797731,31,1.1697450876235962,0.5125,0.4780305237774468,0.5016335964520673,0.4731968292248889,4,Bayesian Optimization
Sleep-EDF,26,39,3,59,0.4328450035350121,0.0037960240148793463,63,1.1708762645721436,0.4515625,0.4516102502565582,0.43050721419467647,0.409335066545282,4,Bayesian Optimization
Sleep-EDF,27,47,2,101,0.4954744798876979,0.005965153270797399,55,1.438109040260315,0.36015625,0.3438587673669585,0.34981923376219404,0.3072757128356667,4,Bayesian Optimization
Sleep-EDF,28,21,4,88,0.293698961890601,0.0029970515783503517,43,1.006502389907837,0.57265625,0.556870267137386,0.5530472210368481,0.5265317136670756,4,Bayesian Optimization
Sleep-EDF,29,59,3,116,0.3284513503057361,0.009787752065152405,28,1.1379843950271606,0.471875,0.4231123114427019,0.4628184051065123,0.39540470900055696,4,Bayesian Optimization
Sleep-EDF,30,43,4,34,0.12337134022893657,0.005435716170359738,60,0.9715849757194519,0.5984375,0.5811078432244361,0.5870582930506898,0.5766854410403671,4,Bayesian Optimization
Sleep-EDF,31,41,3,53,0.21251356352499085,0.002981534015849473,45,0.9337383508682251,0.60390625,0.5938990088837457,0.5887956278683758,0.5823344586198076,4,Bayesian Optimization
Sleep-EDF,32,19,4,94,0.35439554339025015,0.00448625403813851,58,1.0219676494598389,0.575,0.5924529212590619,0.5597208717721298,0.5561052197374808,4,Bayesian Optimization
Sleep-EDF,33,86,4,102,0.4474732096703149,0.0007347840305277436,62,1.7658458948135376,0.25703125,0.24200162074554293,0.2310756972111554,0.12972373298698486,3,Bayesian Optimization
Sleep-EDF,34,102,4,60,0.17726034572259686,0.00023989536262818373,23,0.8189021944999695,0.6640625,0.6393105037457734,0.6485867786822648,0.6352404788040336,4,Bayesian Optimization
Sleep-EDF,35,41,3,124,0.48902311527040887,0.004586862553731271,37,0.9861341714859009,0.58125,0.5675888940669991,0.5630317143476509,0.5041812012141998,4,Bayesian Optimization
Sleep-EDF,36,63,4,76,0.1828466527178143,0.005925782378751537,25,1.1595141887664795,0.49765625,0.6469238851763125,0.49401437615408417,0.45165131207941905,4,Bayesian Optimization
Sleep-EDF,37,91,2,109,0.2063940720041916,0.0025631148446628926,23,0.9386144876480103,0.58515625,0.5995212602290441,0.5771794302295655,0.5801805590197688,4,Bayesian Optimization
Sleep-EDF,38,84,4,99,0.29576908428810644,0.0007420607651610234,41,0.9692374467849731,0.5859375,0.5710949081040744,0.5729702948370923,0.5648906367589722,4,Bayesian Optimization
Sleep-EDF,39,112,4,34,0.2343343188686823,0.007002771317453564,24,1.0895613431930542,0.553125,0.525053613239913,0.5433556557750329,0.5151248939253658,4,Bayesian Optimization
Sleep-EDF,40,27,3,54,0.1572437011528095,0.008204342644627842,22,1.0425136089324951,0.5484375,0.5608483086236706,0.5291256855203692,0.4925824713017432,4,Bayesian Optimization
Sleep-EDF,41,58,3,32,0.16858626906995844,0.006391472224062686,61,1.061262845993042,0.54921875,0.5796018419934371,0.5391149098295495,0.5312282300281702,4,Bayesian Optimization
Sleep-EDF,42,104,3,94,0.2814904164556381,0.0064529832027310635,50,1.2135765552520752,0.43125,0.5555044076521451,0.4433118079670173,0.4284349886106928,4,Bayesian Optimization
Sleep-EDF,43,111,4,120,0.14317498286766686,0.00996842130497612,32,1.1042827367782593,0.51484375,0.4568664014102522,0.49761903882652037,0.44807093480704785,4,Bayesian Optimization
Sleep-EDF,44,68,3,54,0.48291718539822004,0.007136877347102106,17,1.2861634492874146,0.4875,0.5021903934425572,0.46737489227452916,0.4563811183983801,3,Bayesian Optimization
Sleep-EDF,45,102,2,124,0.46610025445593206,0.0018800221019554964,32,1.083443284034729,0.5640625,0.5800900176845015,0.5600032908475423,0.5601895562427087,4,Bayesian Optimization
Sleep-EDF,46,82,4,39,0.20752530741876335,0.006951999769467944,32,1.129678726196289,0.490625,0.515548679923821,0.4802958333432386,0.4670456368647441,4,Bayesian Optimization
Sleep-EDF,47,102,4,60,0.1587780307307874,0.00024663229419545776,24,0.8932496905326843,0.603125,0.5899690522156719,0.5896613144248105,0.5630159266295923,4,Bayesian Optimization
Sleep-EDF,48,101,3,59,0.28523113027735214,0.002575894796177481,24,1.1433237791061401,0.490625,0.692396923602667,0.4998688633136779,0.4542889079515735,4,Bayesian Optimization
Sleep-EDF,49,102,4,60,0.1214755010919902,0.0001,23,0.9127811193466187,0.61015625,0.5807162899472436,0.5971024409638812,0.583936170422486,4,Bayesian Optimization
Sleep-EDF,50,50,2,96,0.23797311247173455,0.00014160475343786714,39,1.1489454507827759,0.50234375,0.44986174284342423,0.48649018649210785,0.4395233899593179,4,Bayesian Optimization
Sleep-EDF,51,102,4,59,0.14849762294574784,0.0001,23,0.9478299021720886,0.58203125,0.5614256771668745,0.5709722900723644,0.5622772128746887,4,Bayesian Optimization
Sleep-EDF,52,102,3,60,0.3723947609216542,0.0001,23,1.1945635080337524,0.48046875,0.42869757747588866,0.4618806629024837,0.39934924324896703,4,Bayesian Optimization
Sleep-EDF,53,50,2,98,0.30504480947364215,0.002192680025801966,40,0.9909619092941284,0.58828125,0.6087367062281545,0.5775163990984078,0.5700395917367885,4,Bayesian Optimization
Sleep-EDF,54,50,2,98,0.26762678073128077,0.0016351935034317256,39,0.9406757354736328,0.5796875,0.5579127549583855,0.5605014606693046,0.5401721982444238,4,Bayesian Optimization
Sleep-EDF,55,102,4,60,0.1,0.0001,24,0.9212136268615723,0.603125,0.5956242314188648,0.5905014558841983,0.5884300336425652,4,Bayesian Optimization
Sleep-EDF,56,102,4,60,0.5,0.01,23,1.3714959621429443,0.33359375,0.4413742491110611,0.3390259118818663,0.2710092455007963,3,Bayesian Optimization
Sleep-EDF,57,114,2,121,0.22521706668666122,0.0036072876812953468,18,1.0355889797210693,0.54765625,0.5159876781468388,0.536548314722397,0.5093906467017381,4,Bayesian Optimization
Sleep-EDF,58,85,4,58,0.2578112015616236,0.0032405687915583463,54,0.9709718823432922,0.5921875,0.5777788397987987,0.5732654561608935,0.5394664831662397,4,Bayesian Optimization
Sleep-EDF,59,50,2,97,0.28554456762098795,0.0016598482460114658,39,1.1646435260772705,0.51953125,0.4980715274925432,0.5004917961606493,0.46525335751142444,4,Bayesian Optimization
Sleep-EDF,60,83,3,37,0.15974814213231628,0.004865821504709921,26,1.0247679948806763,0.5578125,0.5292047519351273,0.5403354022028989,0.5029790504273248,4,Bayesian Optimization
Sleep-EDF,61,56,2,73,0.12482595482296865,0.0034908190915755935,36,1.2229176759719849,0.4359375,0.5352335322048376,0.43204932653876504,0.41568524868230494,4,Bayesian Optimization
Sleep-EDF,62,101,2,81,0.2154397470878546,0.007118231818667795,22,1.0293502807617188,0.55859375,0.5282389039809124,0.5384183436463121,0.5024692255369381,4,Bayesian Optimization
Sleep-EDF,63,32,4,64,0.43533426312041446,0.007034498437867041,44,1.246349573135376,0.446875,0.40548467551391365,0.42387577929436604,0.3785519001204466,3,Bayesian Optimization
Sleep-EDF,64,73,4,48,0.30816437493609034,0.0017981364944468553,49,1.063049077987671,0.56171875,0.5589161736554507,0.5439476935332087,0.5308472299818022,4,Bayesian Optimization
Sleep-EDF,65,117,3,101,0.331234084419759,0.0022663496905360324,44,1.1157495975494385,0.5234375,0.572760724057457,0.5246566266094324,0.5176476904595608,4,Bayesian Optimization
Sleep-EDF,66,122,2,82,0.18381518354484286,0.0012371009332972803,45,1.1467084884643555,0.515625,0.5843068152218235,0.5145239712204726,0.5289711456477524,4,Bayesian Optimization
Sleep-EDF,67,26,4,105,0.1437168325830192,0.008883061778678324,32,0.9964787364006042,0.5671875,0.5584987391960975,0.5574301393103707,0.5467696379512235,4,Bayesian Optimization
Sleep-EDF,68,65,3,90,0.12355094905665238,0.0034531630246036125,53,1.1121383905410767,0.47109375,0.5719420202941607,0.4797914423250732,0.4797267776025177,4,Bayesian Optimization
Sleep-EDF,69,17,3,60,0.3280177317442984,0.007476151110444985,58,1.1260424852371216,0.51875,0.4747885499900869,0.5078562484254707,0.4498466879486339,4,Bayesian Optimization
Sleep-EDF,70,126,2,72,0.22167374011865879,0.0031052409364620615,43,1.009142518043518,0.5546875,0.5508927565790243,0.5498793604817753,0.5408133619761818,4,Bayesian Optimization
Sleep-EDF,71,88,2,89,0.23076134179436783,0.005349644380546519,35,1.0535457134246826,0.54765625,0.5491942461093763,0.5331926242021758,0.4899956056607486,4,Bayesian Optimization
Sleep-EDF,72,118,4,47,0.1759886739603128,0.0007492611078423851,35,0.8787704706192017,0.61796875,0.5927359806771819,0.6041410690636013,0.588888114408544,4,Bayesian Optimization
Sleep-EDF,73,47,3,102,0.39731296775242275,0.006472763806970319,36,1.3446680307388306,0.4265625,0.5082916747580069,0.4297829017788035,0.4199006951444432,4,Bayesian Optimization
Sleep-EDF,74,119,3,40,0.15852027590900702,0.005825683807965086,35,1.1585838794708252,0.45546875,0.43842396589877153,0.4484384579815274,0.4147445730345695,4,Bayesian Optimization
Sleep-EDF,75,64,3,107,0.11955850390130106,0.009510478365088447,52,1.1977322101593018,0.5359375,0.5896742299618252,0.5291317681761308,0.5151366900370158,4,Bayesian Optimization
Sleep-EDF,76,60,2,118,0.4640395281558608,0.008072199934825233,31,1.1003587245941162,0.50703125,0.5102652189605829,0.4949755543841296,0.4775922650330854,4,Bayesian Optimization
Sleep-EDF,77,80,3,73,0.18229448840334067,0.0014378681863110702,26,0.869659423828125,0.6296875,0.650163740451053,0.6213023905835503,0.6177711675534052,4,Bayesian Optimization
Sleep-EDF,78,20,2,69,0.29581432280002773,0.007355546272407507,45,1.1868928670883179,0.50703125,0.5688340313842817,0.492765440999085,0.45003158133394905,4,Bayesian Optimization
Sleep-EDF,79,111,2,105,0.25732224928872205,0.008788665103879193,51,1.368591547012329,0.39609375,0.4101059109775297,0.39084925539799953,0.3380809090540936,4,Bayesian Optimization
Sleep-EDF,80,93,2,95,0.387056721558267,0.0043892722365229024,30,1.2587076425552368,0.49609375,0.5430457148572154,0.48895026813858744,0.44904819760874287,4,Bayesian Optimization
Sleep-EDF,81,23,2,37,0.24617628714413683,0.005119208528634372,57,1.0932891368865967,0.525,0.5412041841921167,0.5103680656941733,0.4911268677077075,4,Bayesian Optimization
Sleep-EDF,82,41,4,118,0.2320328562266835,0.005711133911025575,39,1.063453197479248,0.55390625,0.58752350786987,0.5433361151179368,0.5126076443550593,4,Bayesian Optimization
Sleep-EDF,83,93,2,98,0.4480772850271658,0.001227645005126414,62,1.299966812133789,0.4453125,0.3878828536941744,0.43493089589271544,0.35525398196455876,4,Bayesian Optimization
Sleep-EDF,84,47,2,123,0.2977906495447419,0.0033521599120645033,22,1.0788334608078003,0.50625,0.4985610726914487,0.4937564105910751,0.46792997001214964,4,Bayesian Optimization
Sleep-EDF,85,93,2,74,0.4998784971154848,0.008982156946135642,51,1.5634944438934326,0.3421875,0.45757020061482334,0.36127558349964767,0.2925664774400395,4,Bayesian Optimization
Sleep-EDF,86,120,4,91,0.2362127500944891,0.007232450866003963,19,1.0548248291015625,0.53203125,0.5433558274014791,0.5206002245868799,0.4983209046366941,4,Bayesian Optimization
Sleep-EDF,87,78,4,123,0.20762562122029468,0.0032304499400195854,25,0.9379744529724121,0.6125,0.5887770908326674,0.5978165534789989,0.5821712459266346,4,Bayesian Optimization
Sleep-EDF,88,124,4,122,0.3711064108621196,0.0005024145740804819,16,0.8789186477661133,0.62734375,0.6181020891354724,0.6128721063735898,0.6082399587720915,4,Bayesian Optimization
Sleep-EDF,89,74,4,68,0.3906991565650467,0.0028545750569203697,34,1.1032191514968872,0.51015625,0.5146139920956122,0.48940396218984283,0.4762840884556714,4,Bayesian Optimization
Sleep-EDF,90,120,3,54,0.38514259076317947,0.0016081159055884886,47,0.9977583885192871,0.58671875,0.5673906901200193,0.5685831202462562,0.5214837007506113,4,Bayesian Optimization
Sleep-EDF,91,86,3,120,0.18878098161751106,0.005604625671500127,40,1.1230254173278809,0.5109375,0.5946915067172182,0.5083432473634961,0.48658377347807036,4,Bayesian Optimization
Sleep-EDF,92,23,3,51,0.11952147716867123,0.002578813459861744,24,0.9491008520126343,0.55,0.5987332258231868,0.5408093324596754,0.5500177191399803,4,Bayesian Optimization
Sleep-EDF,93,58,2,123,0.1218167460214334,0.0008806808723494005,57,1.297271490097046,0.428125,0.4570853433172535,0.4115216313818591,0.38999976188821284,4,Bayesian Optimization
Sleep-EDF,94,110,4,87,0.35804460399767035,0.000560907699678175,46,1.377727746963501,0.484375,0.47071599544322706,0.46636314522463945,0.4212430740695047,4,Bayesian Optimization
Sleep-EDF,95,34,4,33,0.2972576596470271,0.004417805683454898,36,1.0830109119415283,0.56171875,0.5389921644165471,0.5478213215013978,0.5136764662596998,4,Bayesian Optimization
Sleep-EDF,96,81,4,116,0.16471202475064894,0.008122990155280526,61,1.4421546459197998,0.39296875,0.44358789323491826,0.3777487338031553,0.36793265609880293,4,Bayesian Optimization
Sleep-EDF,97,112,2,104,0.4120222563027355,0.00032734983044353604,22,1.0478812456130981,0.56484375,0.5313475281913442,0.5500287554676678,0.5191881554909397,4,Bayesian Optimization
Sleep-EDF,98,103,3,100,0.13547039991393964,0.007976583066436277,50,0.9999658465385437,0.5328125,0.5131444095409792,0.5242378133709572,0.4699979635826158,4,Bayesian Optimization
Sleep-EDF,99,100,2,46,0.3165159371804288,0.007526265505219873,17,1.094588041305542,0.53203125,0.44044887000869115,0.515322998388904,0.438977624301016,4,Bayesian Optimization
Sleep-EDF,100,86,2,81,0.42873766284659365,0.0021218501631751477,30,1.0523419380187988,0.5265625,0.5723372119661122,0.5210572232155358,0.5281176605995809,4,Bayesian Optimization
