filters,kernel_size,lstm_units,dropout,learning_rate,batch_size,val_loss,method,execution_time
16,3,96,0.3,0.001,16,26.009410858154297,Simulated Annealing,157.49
16,2,128,0.1,0.001,16,25.363197326660156,Hill Climbing,158.1325
16,2,128,0.4,0.01,16,24.610851287841797,Basin Hopping,161.6298
32,2,128,0.4,0.01,16,24.738691329956055,ACO,154.0909
16,2,128,0.4,0.001,32,25.452011108398438,GA,157.1781
16,5,32,0.5,0.01,16,24.45698356628418,Grid Search,1038.0647
16,5,128,0.1,0.001,16,22.786325454711914,Basin Hopping,199.7182
20,3,101,0.3968713943988723,0.002225433086092655,24,26.414106369018555,PSO,168.6852
32,2,128,0.5,0.01,16,25.78276252746582,Random Search,164.9579
