dataset,generation,filters,kernel_size,lstm_units,dropout,learning_rate,batch_size,val_loss,val_accuracy,precision,recall,f1,epochs_used,method
Sleep-EDF,1,96,5,128,0.3,0.001,48,1.0178788900375366,0.55390625,0.5567424122381578,0.5339651165777122,0.48272508604326775,4,GA
Sleep-EDF,1,64,4,96,0.1,0.01,48,1.0353506803512573,0.57734375,0.5617492289329622,0.5622033886411282,0.5410164610125784,4,GA
Sleep-EDF,1,128,2,64,0.1,0.0001,16,0.9029088020324707,0.63359375,0.6104551421685416,0.6204973125655447,0.6112347995442884,4,GA
Sleep-EDF,1,128,4,32,0.3,0.0005,64,1.4163490533828735,0.3765625,0.3936960372919168,0.35408533074503507,0.2879018376390519,4,GA
Sleep-EDF,1,32,2,32,0.1,0.001,48,0.9982215762138367,0.5703125,0.5681645564457887,0.5553467040091367,0.5399329880377619,4,GA
Sleep-EDF,1,128,5,128,0.2,0.0005,16,0.8865024447441101,0.60546875,0.5920163484887556,0.5892701180357529,0.5816695647380123,4,GA
Sleep-EDF,1,96,3,96,0.1,0.0005,48,1.0769530534744263,0.54140625,0.5353806740621191,0.5247479231707832,0.5102981620037965,4,GA
Sleep-EDF,1,16,3,64,0.3,0.01,32,1.1168620586395264,0.55,0.5398234929370334,0.542010720863397,0.5253259854922387,4,GA
Sleep-EDF,1,64,4,96,0.1,0.0001,64,1.3891196250915527,0.415625,0.38242396755650016,0.39305315556624876,0.3018104988853088,4,GA
Sleep-EDF,1,96,2,128,0.1,0.0001,32,1.0031425952911377,0.58359375,0.5647124735847197,0.5680252070044778,0.5544870250340196,4,GA
Sleep-EDF,2,128,5,128,0.2,0.0005,16,0.8086937665939331,0.6640625,0.654998946813832,0.6470517595544741,0.6255705589363644,4,GA
Sleep-EDF,2,32,2,32,0.1,0.0001,16,1.0963407754898071,0.53125,0.4907301995917745,0.5191364821991965,0.4855949430114606,4,GA
Sleep-EDF,2,128,2,64,0.1,0.001,16,0.941136360168457,0.56875,0.5709551097480057,0.5605406588139339,0.5427313170028127,4,GA
Sleep-EDF,2,128,5,128,0.2,0.0005,64,1.547788381576538,0.3578125,0.565682323665855,0.33479167965342105,0.2561208252297095,4,GA
Sleep-EDF,2,96,2,128,0.4,0.0001,16,1.2142398357391357,0.5,0.442743410838637,0.48109561436750126,0.41032536428620003,4,GA
Sleep-EDF,2,96,5,128,0.5,0.001,48,1.0897141695022583,0.5359375,0.5176903813916083,0.5245247467680468,0.4827963514685926,4,GA
Sleep-EDF,2,96,2,64,0.1,0.0001,16,1.0089068412780762,0.55546875,0.5292897483343809,0.5400428292819018,0.5227632923888584,4,GA
Sleep-EDF,2,32,2,64,0.1,0.0005,16,0.9498966932296753,0.60703125,0.5939169163979444,0.5933277718000121,0.5857937655474259,4,GA
Sleep-EDF,2,96,5,32,0.1,0.0005,16,0.8735858201980591,0.62265625,0.6043968082226924,0.6106882282537265,0.605748302373047,4,GA
Sleep-EDF,2,96,2,64,0.1,0.0001,64,1.4728033542633057,0.346875,0.3971804861804862,0.3236589778922771,0.24991062945067077,4,GA
Sleep-EDF,3,128,5,128,0.2,0.0005,16,0.9035145044326782,0.615625,0.5994741749449926,0.5992353709644772,0.587923309521768,4,GA
Sleep-EDF,3,96,4,32,0.5,0.0005,16,0.9554488062858582,0.59609375,0.5666570944166203,0.5797086542468264,0.5605284893118729,4,GA
Sleep-EDF,3,128,5,128,0.2,0.0005,16,0.784666895866394,0.65859375,0.6492457981673253,0.643982473008072,0.63007159473906,4,GA
Sleep-EDF,3,16,5,64,0.1,0.0005,16,0.8567537069320679,0.6421875,0.6096967890248755,0.6253914938613174,0.603370628596046,4,GA
Sleep-EDF,3,128,5,32,0.1,0.01,16,1.0727293491363525,0.52890625,0.48384967502017495,0.5190435867987084,0.469550081994574,4,GA
Sleep-EDF,3,32,2,128,0.1,0.0001,32,0.9778850674629211,0.57578125,0.5490319695059263,0.5587640089532449,0.542138000344597,4,GA
Sleep-EDF,3,96,5,128,0.2,0.001,48,0.862335205078125,0.63515625,0.6027149885404425,0.6192992297154444,0.6049081810318243,4,GA
Sleep-EDF,3,32,5,32,0.1,0.0005,16,0.9494394063949585,0.60390625,0.612537631649633,0.5935246365375859,0.6008820152305536,4,GA
Sleep-EDF,3,96,5,64,0.1,0.001,64,1.1718674898147583,0.51171875,0.5082056463535829,0.4993076696290095,0.4654798529445701,4,GA
Sleep-EDF,3,96,5,64,0.3,0.001,16,0.9178163409233093,0.61796875,0.6072343135022381,0.6037659609299012,0.5771731102208651,4,GA
Sleep-EDF,4,128,5,128,0.2,0.0005,16,0.8816372156143188,0.63125,0.6233620861091849,0.6158532145347377,0.6037872577752637,4,GA
Sleep-EDF,4,96,5,128,0.2,0.001,48,1.0187896490097046,0.58359375,0.5525030294793138,0.5639230282968373,0.5386858208485471,4,GA
Sleep-EDF,4,128,2,128,0.2,0.0005,16,0.8769863247871399,0.5984375,0.6029251949074135,0.591834206234596,0.5905331478455922,4,GA
Sleep-EDF,4,96,5,128,0.2,0.001,48,0.9334728121757507,0.61953125,0.6325907841403791,0.6139728931322914,0.6196221498153491,4,GA
Sleep-EDF,4,16,5,128,0.1,0.0005,16,0.9370753169059753,0.59609375,0.5918727816449489,0.5868196679338632,0.5890126735219775,4,GA
Sleep-EDF,4,128,5,128,0.2,0.01,48,1.059672474861145,0.55390625,0.5566911036596691,0.5458660302071853,0.5316699327728382,4,GA
Sleep-EDF,4,128,5,64,0.1,0.005,64,0.9844597578048706,0.5796875,0.5676536550283757,0.5688685156378258,0.5528445687006084,4,GA
Sleep-EDF,4,96,5,32,0.1,0.005,16,1.1317576169967651,0.50390625,0.47830446463902715,0.4822437892910839,0.4435526294448648,4,GA
Sleep-EDF,4,128,5,64,0.2,0.0005,16,0.8527511358261108,0.6453125,0.6507033445419323,0.6348827987176058,0.6351805345181885,4,GA
Sleep-EDF,4,96,4,64,0.5,0.0005,16,0.9368629455566406,0.5875,0.5602620820438535,0.5743113689625384,0.5599961235148703,4,GA
Sleep-EDF,5,128,5,64,0.2,0.0005,16,0.8363407254219055,0.65,0.643455301134058,0.6356724094504349,0.6318122540946626,4,GA
Sleep-EDF,5,64,5,128,0.5,0.0005,16,0.942888081073761,0.5875,0.5889012542681334,0.5780859083141546,0.574546132280398,4,GA
Sleep-EDF,5,128,2,64,0.2,0.0005,16,0.9603496789932251,0.5875,0.5710458220225073,0.5737102132981002,0.5647601520415915,4,GA
Sleep-EDF,5,128,5,128,0.2,0.0005,16,0.8186148405075073,0.66171875,0.6615304809079499,0.6494687376047126,0.6447289905811188,4,GA
Sleep-EDF,5,128,5,64,0.2,0.001,48,1.127869725227356,0.51171875,0.4905253819478329,0.49345456893254047,0.44666427991685653,4,GA
Sleep-EDF,5,96,5,64,0.5,0.0005,16,1.0417779684066772,0.56640625,0.5303471127174626,0.5481212081036025,0.5023791778963005,4,GA
Sleep-EDF,5,128,4,128,0.2,0.0005,16,0.8821942210197449,0.6265625,0.6381230228285415,0.6154090853939909,0.60922425536718,4,GA
Sleep-EDF,5,64,5,128,0.2,0.0005,16,0.8700641393661499,0.6265625,0.6355144781208305,0.6197459982735454,0.6080353835443745,4,GA
Sleep-EDF,5,128,4,128,0.2,0.0005,64,1.4904705286026,0.39765625,0.39058359532241294,0.374510717532099,0.2768339981522575,3,GA
Sleep-EDF,5,128,5,64,0.5,0.005,48,1.073982834815979,0.51484375,0.5586676144149082,0.504247814884013,0.5041627613455173,4,GA
Sleep-EDF,6,128,5,128,0.2,0.0005,16,0.8285452127456665,0.65859375,0.669131732305706,0.6488108019786575,0.6517149458049433,4,GA
Sleep-EDF,6,128,4,128,0.2,0.0005,16,0.8729723691940308,0.625,0.6098451095784662,0.6114178393344372,0.5941046009654968,4,GA
Sleep-EDF,6,128,2,128,0.2,0.0005,16,0.9236801862716675,0.584375,0.5685016912014446,0.5704951465259045,0.558506313225008,4,GA
Sleep-EDF,6,96,5,64,0.2,0.001,16,0.849120020866394,0.64375,0.6358270318391287,0.6298479563278256,0.6278026289167195,4,GA
Sleep-EDF,6,128,5,128,0.2,0.0005,16,0.8609906435012817,0.63515625,0.63545102101331,0.6229460093601935,0.6159669448816109,4,GA
Sleep-EDF,6,64,5,32,0.2,0.0005,16,0.8751293420791626,0.6203125,0.5938167483951563,0.6051322353980415,0.5920469317295695,4,GA
Sleep-EDF,6,64,5,64,0.2,0.0005,16,0.8804179430007935,0.63984375,0.6099025505418701,0.6248576939411633,0.6056589677229176,4,GA
Sleep-EDF,6,128,4,128,0.2,0.0005,16,0.8125359416007996,0.66171875,0.6444327195217359,0.6498674356986395,0.6437190138090731,4,GA
Sleep-EDF,6,64,3,128,0.2,0.01,16,1.0697400569915771,0.5484375,0.5353109728254843,0.5370260813539367,0.5316962694122216,4,GA
Sleep-EDF,6,64,5,128,0.2,0.0005,16,0.8810240030288696,0.61875,0.6213443358842833,0.6064960944508767,0.6066320336229463,4,GA
Sleep-EDF,7,128,4,128,0.2,0.0005,16,0.8075101971626282,0.6578125,0.6598283687643571,0.6424033878647741,0.621978208344635,4,GA
Sleep-EDF,7,128,3,64,0.2,0.0005,16,0.8449106216430664,0.653125,0.64477472609866,0.640087985739682,0.6392538800462624,4,GA
Sleep-EDF,7,96,5,32,0.3,0.0005,48,1.1672813892364502,0.50078125,0.49450154405660296,0.4831634109851878,0.458440390023125,4,GA
Sleep-EDF,7,128,2,128,0.2,0.0001,16,0.9573352932929993,0.58984375,0.5604472605213138,0.5758648815483346,0.5612293323215942,4,GA
Sleep-EDF,7,96,4,64,0.2,0.001,16,0.819909393787384,0.6578125,0.6600071106090167,0.6445595639522059,0.6361000674839447,4,GA
Sleep-EDF,7,128,4,32,0.2,0.001,16,0.8952008485794067,0.62421875,0.6231449400287856,0.6111336277124355,0.6093047056044012,4,GA
Sleep-EDF,7,96,5,64,0.2,0.001,64,1.2492666244506836,0.48046875,0.4112903724372822,0.46525351369915297,0.4067127716858244,4,GA
Sleep-EDF,7,128,5,64,0.3,0.0001,64,1.483925223350525,0.34921875,0.3614071014937939,0.32615249962323994,0.24568795691414716,4,GA
Sleep-EDF,7,128,4,128,0.2,0.0005,16,0.8186966776847839,0.65078125,0.6348753211708583,0.6395734659061734,0.6355858965326693,4,GA
Sleep-EDF,7,32,5,128,0.2,0.0005,16,0.8337185978889465,0.63203125,0.6484721942691218,0.6207734418602464,0.6218962205162134,4,GA
Sleep-EDF,8,128,4,128,0.2,0.0005,16,0.8455106019973755,0.646875,0.6251008487812653,0.6300601989252103,0.6182369956870224,4,GA
Sleep-EDF,8,128,4,128,0.2,0.0005,16,0.8305920362472534,0.6421875,0.6453538526036551,0.6323977425477869,0.6320935777747761,4,GA
Sleep-EDF,8,128,5,128,0.2,0.0005,16,0.7883585691452026,0.67109375,0.6592414704542894,0.6586467586135424,0.6556177648196687,4,GA
Sleep-EDF,8,128,4,128,0.2,0.0005,48,1.1587897539138794,0.5078125,0.5244640416299184,0.49114773819919233,0.4514460004586086,4,GA
Sleep-EDF,8,96,5,128,0.3,0.0005,48,1.1299374103546143,0.5296875,0.5018408636711678,0.5162492734609043,0.4811382059394247,4,GA
Sleep-EDF,8,128,4,128,0.1,0.005,16,1.0330052375793457,0.52265625,0.5660488316821116,0.5154621133013582,0.429283959900222,4,GA
Sleep-EDF,8,32,5,128,0.2,0.0005,16,0.8924444317817688,0.60390625,0.585474645019568,0.591972639463618,0.5783484292367338,4,GA
Sleep-EDF,8,96,5,128,0.2,0.001,16,0.8602304458618164,0.64140625,0.6460449006362772,0.6345662314690574,0.6392458352187157,4,GA
Sleep-EDF,8,128,4,128,0.2,0.0005,48,1.5515183210372925,0.27421875,0.2595956897319441,0.24876633815614735,0.15794089888114393,3,GA
Sleep-EDF,8,128,4,128,0.2,0.001,16,0.8527033925056458,0.6265625,0.613594145340115,0.6139972750719112,0.5973144787797653,4,GA
Sleep-EDF,9,128,5,128,0.2,0.0005,16,0.8626182675361633,0.61796875,0.5986929616257237,0.6025253591917917,0.5908506698610447,4,GA
Sleep-EDF,9,128,4,64,0.2,0.0005,64,1.4639102220535278,0.35,0.3961040395027762,0.3278897258455976,0.27856091901229796,4,GA
Sleep-EDF,9,128,5,128,0.2,0.0005,16,0.8529741168022156,0.63046875,0.6334583298543023,0.621908122033174,0.613576040622734,4,GA
Sleep-EDF,9,32,5,128,0.2,0.001,16,0.9454838633537292,0.5796875,0.5428807044197128,0.5622289851064386,0.5334181240141582,4,GA
Sleep-EDF,9,128,4,64,0.2,0.005,64,1.1809715032577515,0.484375,0.5646169653662759,0.4886173114351343,0.49826469555182384,4,GA
Sleep-EDF,9,128,5,128,0.2,0.0005,16,0.836199164390564,0.6515625,0.6546335456831891,0.6442616247796988,0.6339171274392033,4,GA
Sleep-EDF,9,128,4,128,0.5,0.0005,16,0.9001060724258423,0.6265625,0.612008605671237,0.610123637399113,0.5788377349325825,4,GA
Sleep-EDF,9,128,5,128,0.2,0.0005,16,0.7994963526725769,0.66015625,0.6574355562834545,0.6505289299107473,0.652066333324664,4,GA
Sleep-EDF,9,96,5,64,0.2,0.0005,64,1.3227944374084473,0.434375,0.44655194081437194,0.4136144813257575,0.3596152941084666,4,GA
Sleep-EDF,9,128,4,128,0.2,0.0005,16,0.8026047945022583,0.67421875,0.6642802644648986,0.6636162366659303,0.6633134717427894,4,GA
Sleep-EDF,10,128,5,128,0.2,0.0005,16,0.8532863855361938,0.63828125,0.6142685089041287,0.6232491266224605,0.6104467688014921,4,GA
Sleep-EDF,10,128,5,64,0.2,0.001,64,1.3477407693862915,0.41875,0.42729373121193887,0.4011379535924927,0.37297435745463015,4,GA
Sleep-EDF,10,128,5,128,0.2,0.0005,16,0.8336589932441711,0.64765625,0.6353332845602311,0.6379810285729419,0.6313998481558114,4,GA
Sleep-EDF,10,128,4,128,0.2,0.0005,16,0.8395894765853882,0.6421875,0.6355423925792544,0.6326353222016008,0.6302372626523142,4,GA
Sleep-EDF,10,128,5,128,0.5,0.0005,16,0.9032872915267944,0.603125,0.6344344656752238,0.598110903448896,0.5684699684729893,4,GA
Sleep-EDF,10,128,5,128,0.2,0.0005,16,0.8575307130813599,0.63046875,0.6565790971262161,0.6189814167796779,0.5968928964205101,4,GA
Sleep-EDF,10,128,4,128,0.2,0.0001,48,1.2893519401550293,0.46328125,0.4525513918329767,0.44388877208072824,0.37931152108900024,4,GA
Sleep-EDF,10,128,5,128,0.3,0.0005,16,0.9160215258598328,0.58203125,0.5693499976968963,0.5752313128257366,0.5412319056729648,4,GA
Sleep-EDF,10,128,5,128,0.5,0.0005,16,0.9100067019462585,0.60625,0.5902075262414674,0.5919499488641133,0.5848246743286625,4,GA
Sleep-EDF,10,128,4,64,0.2,0.0001,64,1.4312855005264282,0.38984375,0.5340081167291458,0.37452389001323166,0.3435667830859855,4,GA
