dataset,trial,filters,kernel_size,lstm_units,dropout,learning_rate,batch_size,val_loss,val_accuracy,epochs_used,method
Haaglanden,1,16,2,32,0.1,0.01,16,1.474704623222351,0.3293749988079071,3,Grid Search
Haaglanden,2,16,2,32,0.1,0.01,64,1.4100255966186523,0.40062499046325684,4,Grid Search
Haaglanden,3,16,2,32,0.1,0.001,16,1.170485258102417,0.5106250047683716,4,Grid Search
Haaglanden,4,16,2,32,0.1,0.001,64,1.387723684310913,0.4112499952316284,4,Grid Search
Haaglanden,5,16,2,32,0.1,0.0001,16,1.4361202716827393,0.3643749952316284,4,Grid Search
Haaglanden,6,16,2,32,0.1,0.0001,64,1.5989876985549927,0.22624999284744263,4,Grid Search
Haaglanden,7,16,2,32,0.3,0.01,16,1.3607136011123657,0.41312500834465027,4,Grid Search
Haaglanden,8,16,2,32,0.3,0.01,64,1.8383041620254517,0.25062501430511475,3,Grid Search
Haaglanden,9,16,2,32,0.3,0.001,16,1.3118951320648193,0.4256249964237213,4,Grid Search
Haaglanden,10,16,2,32,0.3,0.001,64,1.351340651512146,0.40687501430511475,4,Grid Search
Haaglanden,11,16,2,32,0.3,0.0001,16,1.51285982131958,0.3462499976158142,4,Grid Search
Haaglanden,12,16,2,32,0.3,0.0001,64,1.5998882055282593,0.22937500476837158,4,Grid Search
Haaglanden,13,16,2,64,0.1,0.01,16,1.3495795726776123,0.42375001311302185,3,Grid Search
Haaglanden,14,16,2,64,0.1,0.01,64,1.5006346702575684,0.34187498688697815,3,Grid Search
Haaglanden,15,16,2,64,0.1,0.001,16,1.2083137035369873,0.48124998807907104,4,Grid Search
Haaglanden,16,16,2,64,0.1,0.001,64,1.2538613080978394,0.4350000023841858,4,Grid Search
Haaglanden,17,16,2,64,0.1,0.0001,16,1.298200249671936,0.4281249940395355,4,Grid Search
Haaglanden,18,16,2,64,0.1,0.0001,64,1.4848835468292236,0.3331249952316284,4,Grid Search
Haaglanden,19,16,2,64,0.3,0.01,16,1.544342041015625,0.3412500023841858,4,Grid Search
Haaglanden,20,16,2,64,0.3,0.01,64,1.6355981826782227,0.27000001072883606,3,Grid Search
Haaglanden,21,16,2,64,0.3,0.001,16,1.2884536981582642,0.44624999165534973,4,Grid Search
Haaglanden,22,16,2,64,0.3,0.001,64,1.323986530303955,0.42375001311302185,4,Grid Search
Haaglanden,23,16,2,64,0.3,0.0001,16,1.4800591468811035,0.37187498807907104,4,Grid Search
Haaglanden,24,16,2,64,0.3,0.0001,64,1.5366919040679932,0.34437501430511475,4,Grid Search
Haaglanden,25,16,5,32,0.1,0.01,16,1.2395238876342773,0.46187499165534973,4,Grid Search
Haaglanden,26,16,5,32,0.1,0.01,64,1.1587847471237183,0.48875001072883606,4,Grid Search
Haaglanden,27,16,5,32,0.1,0.001,16,1.1658133268356323,0.4937500059604645,4,Grid Search
Haaglanden,28,16,5,32,0.1,0.001,64,1.3781578540802002,0.41749998927116394,4,Grid Search
Haaglanden,29,16,5,32,0.1,0.0001,16,1.3204823732376099,0.42124998569488525,4,Grid Search
Haaglanden,30,16,5,32,0.1,0.0001,64,1.522528052330017,0.3256250023841858,4,Grid Search
Haaglanden,31,16,5,32,0.3,0.01,16,1.1529793739318848,0.49812498688697815,4,Grid Search
Haaglanden,32,16,5,32,0.3,0.01,64,1.4203596115112305,0.3956249952316284,4,Grid Search
Haaglanden,33,16,5,32,0.3,0.001,16,1.2503541707992554,0.4662500023841858,4,Grid Search
Haaglanden,34,16,5,32,0.3,0.001,64,1.2218588590621948,0.45875000953674316,4,Grid Search
Haaglanden,35,16,5,32,0.3,0.0001,16,1.4008523225784302,0.4037500023841858,4,Grid Search
Haaglanden,36,16,5,32,0.3,0.0001,64,1.5790385007858276,0.3018749952316284,4,Grid Search
Haaglanden,37,16,5,64,0.1,0.01,16,1.5534166097640991,0.3018749952316284,3,Grid Search
Haaglanden,38,16,5,64,0.1,0.01,64,1.2414616346359253,0.4412499964237213,4,Grid Search
Haaglanden,39,16,5,64,0.1,0.001,16,1.1250929832458496,0.5256249904632568,4,Grid Search
Haaglanden,40,16,5,64,0.1,0.001,64,1.1256831884384155,0.5193750262260437,4,Grid Search
Haaglanden,41,16,5,64,0.1,0.0001,16,1.315360426902771,0.4387499988079071,4,Grid Search
Haaglanden,42,16,5,64,0.1,0.0001,64,1.3799242973327637,0.3931249976158142,4,Grid Search
Haaglanden,43,16,5,64,0.3,0.01,16,1.3658599853515625,0.4168750047683716,3,Grid Search
Haaglanden,44,16,5,64,0.3,0.01,64,1.2884129285812378,0.4325000047683716,4,Grid Search
Haaglanden,45,16,5,64,0.3,0.001,16,1.2040783166885376,0.4893749952316284,4,Grid Search
Haaglanden,46,16,5,64,0.3,0.001,64,1.2445789575576782,0.46812498569488525,4,Grid Search
Haaglanden,47,16,5,64,0.3,0.0001,16,1.3263837099075317,0.4037500023841858,4,Grid Search
Haaglanden,48,16,5,64,0.3,0.0001,64,1.5614428520202637,0.3256250023841858,4,Grid Search
Haaglanden,49,64,2,32,0.1,0.01,16,1.4390335083007812,0.37937501072883606,4,Grid Search
Haaglanden,50,64,2,32,0.1,0.01,64,1.3948605060577393,0.40812501311302185,4,Grid Search
Haaglanden,51,64,2,32,0.1,0.001,16,1.223724126815796,0.4781250059604645,4,Grid Search
Haaglanden,52,64,2,32,0.1,0.001,64,1.3312957286834717,0.4350000023841858,4,Grid Search
Haaglanden,53,64,2,32,0.1,0.0001,16,1.3876996040344238,0.40062499046325684,4,Grid Search
Haaglanden,54,64,2,32,0.1,0.0001,64,1.5292081832885742,0.3343749940395355,4,Grid Search
Haaglanden,55,64,2,32,0.3,0.01,16,1.4177418947219849,0.38374999165534973,4,Grid Search
Haaglanden,56,64,2,32,0.3,0.01,64,1.723750114440918,0.3087500035762787,4,Grid Search
Haaglanden,57,64,2,32,0.3,0.001,16,1.2585325241088867,0.4518750011920929,4,Grid Search
Haaglanden,58,64,2,32,0.3,0.001,64,1.3585870265960693,0.4087499976158142,4,Grid Search
Haaglanden,59,64,2,32,0.3,0.0001,16,1.4445980787277222,0.36625000834465027,4,Grid Search
Haaglanden,60,64,2,32,0.3,0.0001,64,1.5782650709152222,0.24500000476837158,4,Grid Search
Haaglanden,61,64,2,64,0.1,0.01,16,1.4430668354034424,0.34812501072883606,4,Grid Search
Haaglanden,62,64,2,64,0.1,0.01,64,1.5451643466949463,0.3162499964237213,4,Grid Search
Haaglanden,63,64,2,64,0.1,0.001,16,1.1886088848114014,0.4762499928474426,4,Grid Search
Haaglanden,64,64,2,64,0.1,0.001,64,1.3023866415023804,0.43062499165534973,4,Grid Search
Haaglanden,65,64,2,64,0.1,0.0001,16,1.2443288564682007,0.45750001072883606,4,Grid Search
Haaglanden,66,64,2,64,0.1,0.0001,64,1.4601502418518066,0.36500000953674316,4,Grid Search
Haaglanden,67,64,2,64,0.3,0.01,16,1.3701987266540527,0.3881250023841858,4,Grid Search
Haaglanden,68,64,2,64,0.3,0.01,64,1.6608847379684448,0.2824999988079071,4,Grid Search
Haaglanden,69,64,2,64,0.3,0.001,16,1.2048667669296265,0.47562500834465027,4,Grid Search
Haaglanden,70,64,2,64,0.3,0.001,64,1.3803989887237549,0.41187500953674316,4,Grid Search
Haaglanden,71,64,2,64,0.3,0.0001,16,1.3823997974395752,0.4074999988079071,4,Grid Search
Haaglanden,72,64,2,64,0.3,0.0001,64,1.538543701171875,0.3362500071525574,4,Grid Search
Haaglanden,73,64,5,32,0.1,0.01,16,1.4842456579208374,0.3174999952316284,3,Grid Search
Haaglanden,74,64,5,32,0.1,0.01,64,1.4249919652938843,0.38499999046325684,4,Grid Search
Haaglanden,75,64,5,32,0.1,0.001,16,1.1135809421539307,0.53125,4,Grid Search
Haaglanden,76,64,5,32,0.1,0.001,64,1.2201128005981445,0.46437498927116394,4,Grid Search
Haaglanden,77,64,5,32,0.1,0.0001,16,1.239404559135437,0.47749999165534973,4,Grid Search
Haaglanden,78,64,5,32,0.1,0.0001,64,1.4673941135406494,0.3543750047683716,4,Grid Search
Haaglanden,79,64,5,32,0.3,0.01,16,1.3962346315383911,0.3868750035762787,4,Grid Search
Haaglanden,80,64,5,32,0.3,0.01,64,1.589969277381897,0.3075000047683716,3,Grid Search
Haaglanden,81,64,5,32,0.3,0.001,16,1.2088062763214111,0.4818750023841858,4,Grid Search
Haaglanden,82,64,5,32,0.3,0.001,64,1.333925724029541,0.45500001311302185,4,Grid Search
Haaglanden,83,64,5,32,0.3,0.0001,16,1.3263012170791626,0.4231249988079071,4,Grid Search
Haaglanden,84,64,5,32,0.3,0.0001,64,1.5512607097625732,0.35062500834465027,4,Grid Search
Haaglanden,85,64,5,64,0.1,0.01,16,1.3580825328826904,0.38874998688697815,4,Grid Search
Haaglanden,86,64,5,64,0.1,0.01,64,1.3611782789230347,0.42750000953674316,4,Grid Search
Haaglanden,87,64,5,64,0.1,0.001,16,1.1057112216949463,0.5331249833106995,4,Grid Search
Haaglanden,88,64,5,64,0.1,0.001,64,1.3322227001190186,0.4268749952316284,4,Grid Search
Haaglanden,89,64,5,64,0.1,0.0001,16,1.1666839122772217,0.5012500286102295,4,Grid Search
Haaglanden,90,64,5,64,0.1,0.0001,64,1.3842812776565552,0.39250001311302185,4,Grid Search
Haaglanden,91,64,5,64,0.3,0.01,16,1.336859941482544,0.4231249988079071,4,Grid Search
Haaglanden,92,64,5,64,0.3,0.01,64,1.5472511053085327,0.3149999976158142,4,Grid Search
Haaglanden,93,64,5,64,0.3,0.001,16,1.1150256395339966,0.5274999737739563,4,Grid Search
Haaglanden,94,64,5,64,0.3,0.001,64,1.3717352151870728,0.4337500035762787,4,Grid Search
Haaglanden,95,64,5,64,0.3,0.0001,16,1.2864999771118164,0.44062501192092896,4,Grid Search
Haaglanden,96,64,5,64,0.3,0.0001,64,1.5114593505859375,0.33375000953674316,4,Grid Search
