dataset,trial,filters,kernel_size,lstm_units,dropout,learning_rate,batch_size,val_loss,val_accuracy,precision,recall,f1,epochs_used,method
Sleep-EDF,1,16,2,32,0.1,0.01,16,1.2369617223739624,0.43984375,0.4566516869706098,0.44449300475088827,0.41220663617002007,4,Grid Search
Sleep-EDF,2,16,2,32,0.1,0.01,64,1.1512848138809204,0.48515625,0.4818188565944941,0.4707272299195295,0.45555015426299167,4,Grid Search
Sleep-EDF,3,16,2,32,0.1,0.001,16,0.9414061307907104,0.596875,0.5735593823202048,0.5802789576056021,0.5655719663804755,4,Grid Search
Sleep-EDF,4,16,2,32,0.1,0.001,64,1.1471506357192993,0.515625,0.516444723313378,0.5028713988771678,0.459337886873519,4,Grid Search
Sleep-EDF,5,16,2,32,0.1,0.0001,16,1.2902485132217407,0.45546875,0.43884520789324927,0.43901427765437023,0.3960371926309608,4,Grid Search
Sleep-EDF,6,16,2,32,0.1,0.0001,64,1.426344633102417,0.38046875,0.3338413874471167,0.357632932497011,0.26300271255996577,4,Grid Search
Sleep-EDF,7,16,2,32,0.3,0.01,16,0.9590140581130981,0.5875,0.5752048012089819,0.5685949530091403,0.5049460293189828,4,Grid Search
Sleep-EDF,8,16,2,32,0.3,0.01,64,1.129876971244812,0.49140625,0.469510941427507,0.48307885753724455,0.4470101864730648,4,Grid Search
Sleep-EDF,9,16,2,32,0.3,0.001,16,0.9922376871109009,0.56953125,0.5344000308056638,0.5514462719314907,0.4945860998213048,4,Grid Search
Sleep-EDF,10,16,2,32,0.3,0.001,64,1.1759096384048462,0.49140625,0.4509234557251137,0.4718290629468845,0.43466383275615755,4,Grid Search
Sleep-EDF,11,16,2,32,0.3,0.0001,16,1.3406660556793213,0.42734375,0.45886226497335797,0.40748599240945815,0.3051624507576789,4,Grid Search
Sleep-EDF,12,16,2,32,0.3,0.0001,64,1.5384162664413452,0.34375,0.31071881457213335,0.32929617107330633,0.27891647383098145,4,Grid Search
Sleep-EDF,13,16,2,64,0.1,0.01,16,0.988507866859436,0.5375,0.5409471829494222,0.5296384268805225,0.5076343751884466,4,Grid Search
Sleep-EDF,14,16,2,64,0.1,0.01,64,1.2228763103485107,0.40859375,0.37947874745909077,0.41270952585681187,0.3469455650571011,4,Grid Search
Sleep-EDF,15,16,2,64,0.1,0.001,16,0.968285858631134,0.57109375,0.5476489368751964,0.5572651201601839,0.5382368779020863,4,Grid Search
Sleep-EDF,16,16,2,64,0.1,0.001,64,1.1688703298568726,0.4828125,0.4862516560903667,0.46844165793641934,0.4602484432017966,4,Grid Search
Sleep-EDF,17,16,2,64,0.1,0.0001,16,1.0142797231674194,0.55546875,0.5314482354533958,0.5384773712579995,0.5198983577028016,4,Grid Search
Sleep-EDF,18,16,2,64,0.1,0.0001,64,1.331468105316162,0.41796875,0.40226031448527244,0.39526865456033056,0.3057959378453822,4,Grid Search
Sleep-EDF,19,16,2,64,0.3,0.01,16,1.1278719902038574,0.521875,0.4893241168940784,0.50965606079757,0.4817855072602475,4,Grid Search
Sleep-EDF,20,16,2,64,0.3,0.01,64,1.5004311800003052,0.30078125,0.2109880768334052,0.30708510635523056,0.23078509954130605,3,Grid Search
Sleep-EDF,21,16,2,64,0.3,0.001,16,1.1141777038574219,0.50625,0.4698447463238823,0.48658548951216557,0.4336151679629941,4,Grid Search
Sleep-EDF,22,16,2,64,0.3,0.001,64,1.1874650716781616,0.46640625,0.41881802034191234,0.4463656060770395,0.38953931326359414,4,Grid Search
Sleep-EDF,23,16,2,64,0.3,0.0001,16,1.178213357925415,0.5109375,0.45769182976538714,0.49248048374380743,0.43352714664878655,4,Grid Search
Sleep-EDF,24,16,2,64,0.3,0.0001,64,1.5738186836242676,0.259375,0.3669906453670581,0.2643334054778931,0.24369625307586773,4,Grid Search
Sleep-EDF,25,16,5,32,0.1,0.01,16,0.9848370552062988,0.5625,0.5678094844140489,0.5431963213591462,0.4573931828898104,4,Grid Search
Sleep-EDF,26,16,5,32,0.1,0.01,64,1.11642324924469,0.5625,0.6083561005702471,0.5578500741526466,0.5650247537426746,4,Grid Search
Sleep-EDF,27,16,5,32,0.1,0.001,16,0.9065990447998047,0.6203125,0.5969628645347029,0.6087149539586265,0.592459840206319,4,Grid Search
Sleep-EDF,28,16,5,32,0.1,0.001,64,1.0652832984924316,0.55703125,0.5190449718617449,0.5367315256296394,0.5097381050093699,4,Grid Search
Sleep-EDF,29,16,5,32,0.1,0.0001,16,1.0757964849472046,0.53984375,0.4979482438944548,0.5251048650118728,0.500213353963744,4,Grid Search
Sleep-EDF,30,16,5,32,0.1,0.0001,64,1.409242868423462,0.38828125,0.2788106956213012,0.36671403804379993,0.25813744762087143,4,Grid Search
Sleep-EDF,31,16,5,32,0.3,0.01,16,1.0952608585357666,0.49765625,0.428984471758236,0.4866323272443533,0.40024150413907966,4,Grid Search
Sleep-EDF,32,16,5,32,0.3,0.01,64,1.0973434448242188,0.5296875,0.5627201017981638,0.5207165737330467,0.4890791507970598,4,Grid Search
Sleep-EDF,33,16,5,32,0.3,0.001,16,0.8761688470840454,0.63828125,0.6305682212830355,0.6198544757242235,0.5768537213088126,4,Grid Search
Sleep-EDF,34,16,5,32,0.3,0.001,64,1.012981653213501,0.58046875,0.5473850740574878,0.5630183544070266,0.5162673032869547,4,Grid Search
Sleep-EDF,35,16,5,32,0.3,0.0001,16,1.226886510848999,0.4953125,0.4684215423064959,0.47755826431357906,0.4264304400570406,4,Grid Search
Sleep-EDF,36,16,5,32,0.3,0.0001,64,1.5421662330627441,0.38046875,0.3462182811738016,0.37058324549685573,0.33985207237781634,4,Grid Search
Sleep-EDF,37,16,5,64,0.1,0.01,16,1.214925765991211,0.4609375,0.4182058296731217,0.45185488625503084,0.3964248931382736,3,Grid Search
Sleep-EDF,38,16,5,64,0.1,0.01,64,1.0552469491958618,0.5453125,0.5067862192922173,0.5325328959180268,0.49130270153773486,4,Grid Search
Sleep-EDF,39,16,5,64,0.1,0.001,16,0.9111602902412415,0.584375,0.5782703082591933,0.5726699801465802,0.5502241778565568,4,Grid Search
Sleep-EDF,40,16,5,64,0.1,0.001,64,1.120750904083252,0.4640625,0.4077715429470567,0.44418733065348787,0.3502392885049922,4,Grid Search
Sleep-EDF,41,16,5,64,0.1,0.0001,16,0.999254047870636,0.575,0.5382349723486597,0.5573847175273097,0.5381523189865869,4,Grid Search
Sleep-EDF,42,16,5,64,0.1,0.0001,64,1.311650276184082,0.42421875,0.42483733682791935,0.4023256038438925,0.3512193798682492,4,Grid Search
Sleep-EDF,43,16,5,64,0.3,0.01,16,1.0982774496078491,0.5484375,0.4891793786096622,0.5294358215661632,0.4878914464423477,4,Grid Search
Sleep-EDF,44,16,5,64,0.3,0.01,64,1.209592580795288,0.4765625,0.42139225527808827,0.47408530788655295,0.40938944637511226,3,Grid Search
Sleep-EDF,45,16,5,64,0.3,0.001,16,0.9510008692741394,0.59140625,0.5569957462244126,0.5742473187497223,0.548264588822706,4,Grid Search
Sleep-EDF,46,16,5,64,0.3,0.001,64,1.3164490461349487,0.44921875,0.4346021021021021,0.42866481744876433,0.35422169868308206,4,Grid Search
Sleep-EDF,47,16,5,64,0.3,0.0001,16,1.257582426071167,0.47265625,0.34301892040892656,0.451004065123002,0.3572852378769073,4,Grid Search
Sleep-EDF,48,16,5,64,0.3,0.0001,64,1.3822022676467896,0.40859375,0.4510139659202916,0.39129721095044595,0.3363429350758302,4,Grid Search
Sleep-EDF,49,64,2,32,0.1,0.01,16,1.129175066947937,0.52109375,0.5154498613236934,0.5023325668410556,0.47408535797961643,4,Grid Search
Sleep-EDF,50,64,2,32,0.1,0.01,64,1.2366725206375122,0.4265625,0.531143775980399,0.4235822090501499,0.4227291881435211,4,Grid Search
Sleep-EDF,51,64,2,32,0.1,0.001,16,0.9486352205276489,0.584375,0.5704137545342027,0.5739830747890907,0.5698610260260588,4,Grid Search
Sleep-EDF,52,64,2,32,0.1,0.001,64,1.1263929605484009,0.5265625,0.5307083407621228,0.5205577460421905,0.5221973397188874,4,Grid Search
Sleep-EDF,53,64,2,32,0.1,0.0001,16,1.0730901956558228,0.5375,0.49394853798625105,0.5237405339924874,0.4918227322733634,4,Grid Search
Sleep-EDF,54,64,2,32,0.1,0.0001,64,1.455000638961792,0.4234375,0.3120936488755427,0.4020163961183131,0.30161615308041567,4,Grid Search
Sleep-EDF,55,64,2,32,0.3,0.01,16,1.1093275547027588,0.5484375,0.4913212549910037,0.5307883032867254,0.4683945444795835,4,Grid Search
Sleep-EDF,56,64,2,32,0.3,0.01,64,1.366412878036499,0.40078125,0.43440140531538385,0.4050608678273133,0.39131838172891953,3,Grid Search
Sleep-EDF,57,64,2,32,0.3,0.001,16,1.0573567152023315,0.565625,0.5443003844547878,0.5462971009834611,0.5084656774799978,4,Grid Search
Sleep-EDF,58,64,2,32,0.3,0.001,64,1.2728497982025146,0.47265625,0.47868142594876206,0.45468764984307813,0.41308584351386324,4,Grid Search
Sleep-EDF,59,64,2,32,0.3,0.0001,16,1.2422916889190674,0.4640625,0.42890504266730634,0.447360456873888,0.3706069043247703,4,Grid Search
Sleep-EDF,60,64,2,32,0.3,0.0001,64,1.492932677268982,0.34609375,0.30447733581751146,0.3255695036297998,0.26860946279135434,4,Grid Search
Sleep-EDF,61,64,2,64,0.1,0.01,16,1.1861605644226074,0.515625,0.47246549157718987,0.4999500142660301,0.4530620308090702,4,Grid Search
Sleep-EDF,62,64,2,64,0.1,0.01,64,1.0976026058197021,0.5453125,0.5573593875715834,0.5369680828509799,0.5425631885654569,4,Grid Search
Sleep-EDF,63,64,2,64,0.1,0.001,16,0.9621256589889526,0.58125,0.6072733844824052,0.5768846933550278,0.5768910024599547,4,Grid Search
Sleep-EDF,64,64,2,64,0.1,0.001,64,1.2297217845916748,0.47734375,0.49140561405144634,0.4616711185770447,0.44364684428320444,4,Grid Search
Sleep-EDF,65,64,2,64,0.1,0.0001,16,0.9715671539306641,0.58359375,0.5508153614934601,0.5708102057821826,0.5539196243165322,4,Grid Search
Sleep-EDF,66,64,2,64,0.1,0.0001,64,1.3808305263519287,0.421875,0.41748251643181816,0.4013787301137712,0.3195027722581069,4,Grid Search
Sleep-EDF,67,64,2,64,0.3,0.01,16,1.2931931018829346,0.40078125,0.46752103803813955,0.39189040788510654,0.36796550371263015,4,Grid Search
Sleep-EDF,68,64,2,64,0.3,0.01,64,1.4103658199310303,0.3859375,0.3526712948157983,0.3895029612237621,0.31904758845942816,4,Grid Search
Sleep-EDF,69,64,2,64,0.3,0.001,16,0.8845362663269043,0.61015625,0.5825278746797744,0.5960524766046413,0.5833775821953711,4,Grid Search
Sleep-EDF,70,64,2,64,0.3,0.001,64,1.1611964702606201,0.4859375,0.45454477207946786,0.4738022762791398,0.4531306996588921,4,Grid Search
Sleep-EDF,71,64,2,64,0.3,0.0001,16,1.1421802043914795,0.503125,0.46377893937322223,0.4862392077417653,0.44499681749870357,4,Grid Search
Sleep-EDF,72,64,2,64,0.3,0.0001,64,1.4658350944519043,0.328125,0.32205657916472374,0.30587445755172354,0.24988895781517823,4,Grid Search
Sleep-EDF,73,64,5,32,0.1,0.01,16,1.1239885091781616,0.49609375,0.42871076893746884,0.48992757258878683,0.4176208147316534,4,Grid Search
Sleep-EDF,74,64,5,32,0.1,0.01,64,1.2815139293670654,0.43515625,0.5643243594533214,0.4440035790159459,0.427019584703228,4,Grid Search
Sleep-EDF,75,64,5,32,0.1,0.001,16,0.8886576890945435,0.63046875,0.6266254646670061,0.6190713647902715,0.617375583364563,4,Grid Search
Sleep-EDF,76,64,5,32,0.1,0.001,64,1.5112946033477783,0.25703125,0.30627039627039626,0.23108273897057696,0.1408428852871151,3,Grid Search
Sleep-EDF,77,64,5,32,0.1,0.0001,16,0.974400520324707,0.5890625,0.5522802830253098,0.573974489297529,0.557390714608837,4,Grid Search
Sleep-EDF,78,64,5,32,0.1,0.0001,64,1.3678325414657593,0.42734375,0.40160322392823966,0.4055523611520269,0.35063187729730294,4,Grid Search
Sleep-EDF,79,64,5,32,0.3,0.01,16,1.1202473640441895,0.503125,0.4381308544595618,0.49873360526975546,0.44622373500024554,4,Grid Search
Sleep-EDF,80,64,5,32,0.3,0.01,64,1.1581401824951172,0.5078125,0.5409917699245642,0.49348537553896127,0.4707337306960152,4,Grid Search
Sleep-EDF,81,64,5,32,0.3,0.001,16,0.9268198013305664,0.6,0.6015456563742363,0.5936137814685215,0.5891045482223991,4,Grid Search
Sleep-EDF,82,64,5,32,0.3,0.001,64,1.5904576778411865,0.25234375,0.2785466146756469,0.22825072366312127,0.12330564479274217,3,Grid Search
Sleep-EDF,83,64,5,32,0.3,0.0001,16,1.1153159141540527,0.52265625,0.4871964512574862,0.5092238999327349,0.46564000081858226,4,Grid Search
Sleep-EDF,84,64,5,32,0.3,0.0001,64,1.4682788848876953,0.3421875,0.37448959137101423,0.3229930456949675,0.2598403736881237,4,Grid Search
Sleep-EDF,85,64,5,64,0.1,0.01,16,1.4371241331100464,0.36875,0.24250219283612062,0.35118376538903656,0.2241060061560009,3,Grid Search
Sleep-EDF,86,64,5,64,0.1,0.01,64,1.0926110744476318,0.46015625,0.5661380901564194,0.4499792516677427,0.42231019167097594,4,Grid Search
Sleep-EDF,87,64,5,64,0.1,0.001,16,0.8653429746627808,0.62421875,0.6105926199791673,0.6071025753685072,0.5929191819712403,4,Grid Search
Sleep-EDF,88,64,5,64,0.1,0.001,64,1.2499189376831055,0.45546875,0.475206250023842,0.4381076104362407,0.40602079215524595,4,Grid Search
Sleep-EDF,89,64,5,64,0.1,0.0001,16,0.9159387350082397,0.60859375,0.5845179584379443,0.5934625804247606,0.5818316850268264,4,Grid Search
Sleep-EDF,90,64,5,64,0.1,0.0001,64,1.4074677228927612,0.384375,0.48188197767145136,0.36263172009692646,0.30244331301578714,4,Grid Search
Sleep-EDF,91,64,5,64,0.3,0.01,16,1.2395744323730469,0.43359375,0.43083739101884333,0.4335615400782893,0.4134503268867422,4,Grid Search
Sleep-EDF,92,64,5,64,0.3,0.01,64,1.1112374067306519,0.53046875,0.4854248734879024,0.5099560606672274,0.4650350382602806,4,Grid Search
Sleep-EDF,93,64,5,64,0.3,0.001,16,0.8746765851974487,0.6390625,0.6214059823533685,0.6238368118405958,0.6135427373808171,4,Grid Search
Sleep-EDF,94,64,5,64,0.3,0.001,64,1.4232546091079712,0.41640625,0.4252080397763172,0.3954811285737245,0.3334124890264528,4,Grid Search
Sleep-EDF,95,64,5,64,0.3,0.0001,16,0.9892421960830688,0.57734375,0.5483047596042578,0.5617275410055644,0.5439063255906225,4,Grid Search
Sleep-EDF,96,64,5,64,0.3,0.0001,64,1.4571456909179688,0.37890625,0.39729097393931123,0.3563257660369892,0.3004208415361871,4,Grid Search
