dataset,eval,restart_id,filters,kernel_size,lstm_units,dropout,learning_rate,batch_size,val_loss,val_accuracy,epochs_used,method
Haaglanden,1,1,16,2,96,0.2,0.0005,32,1.2416119575500488,0.4637500047683716,4,Hill Climbing
Haaglanden,2,1,16,2,96,0.2,0.0001,32,1.347386360168457,0.40562498569488525,4,Hill Climbing
Haaglanden,3,1,16,2,96,0.2,0.001,32,1.3267425298690796,0.42250001430511475,4,Hill Climbing
Haaglanden,4,1,16,2,64,0.2,0.0005,32,1.350898265838623,0.41749998927116394,4,Hill Climbing
Haaglanden,5,1,16,2,96,0.2,0.0005,48,1.1951677799224854,0.4806250035762787,4,Hill Climbing
Haaglanden,6,1,16,2,96,0.2,0.0005,64,1.3217833042144775,0.43187499046325684,4,Hill Climbing
Haaglanden,7,1,32,2,96,0.2,0.0005,48,1.2865471839904785,0.4312500059604645,4,Hill Climbing
Haaglanden,8,1,16,2,128,0.2,0.0005,48,1.3285373449325562,0.42375001311302185,4,Hill Climbing
Haaglanden,9,1,16,2,64,0.2,0.0005,48,1.3296529054641724,0.41499999165534973,4,Hill Climbing
Haaglanden,10,1,16,2,96,0.2,0.001,48,1.3769896030426025,0.4281249940395355,3,Hill Climbing
Haaglanden,11,1,16,2,96,0.3,0.0005,48,1.3323227167129517,0.4300000071525574,4,Hill Climbing
Haaglanden,12,1,16,2,96,0.2,0.0001,48,1.4767138957977295,0.3675000071525574,4,Hill Climbing
Haaglanden,13,1,16,2,96,0.1,0.0005,48,1.2484099864959717,0.4606249928474426,4,Hill Climbing
Haaglanden,14,1,16,2,96,0.2,0.0005,32,1.2503105401992798,0.4593749940395355,4,Hill Climbing
Haaglanden,15,1,16,3,96,0.2,0.0005,48,1.2101505994796753,0.48374998569488525,4,Hill Climbing
Haaglanden,16,2,96,2,128,0.4,0.01,64,1.490407109260559,0.3100000023841858,4,Hill Climbing
Haaglanden,17,2,96,2,96,0.4,0.01,64,2.3080718517303467,0.2056249976158142,3,Hill Climbing
Haaglanden,18,2,96,2,128,0.4,0.01,48,1.4504649639129639,0.32875001430511475,4,Hill Climbing
Haaglanden,19,2,96,2,128,0.4,0.01,64,1.3065496683120728,0.4593749940395355,4,Hill Climbing
Haaglanden,20,2,96,2,96,0.4,0.01,64,1.723448634147644,0.2693749964237213,4,Hill Climbing
Haaglanden,21,2,96,2,128,0.4,0.005,64,1.8822979927062988,0.2475000023841858,4,Hill Climbing
Haaglanden,22,2,96,3,128,0.4,0.01,64,1.6356178522109985,0.28999999165534973,4,Hill Climbing
Haaglanden,23,2,96,2,128,0.5,0.01,64,2.886631488800049,0.2068749964237213,3,Hill Climbing
Haaglanden,24,2,96,2,128,0.4,0.01,48,1.6724110841751099,0.25999999046325684,4,Hill Climbing
Haaglanden,25,2,96,2,128,0.3,0.01,64,1.8275156021118164,0.24687500298023224,4,Hill Climbing
Haaglanden,26,2,128,2,128,0.4,0.01,64,1.891573190689087,0.22812500596046448,4,Hill Climbing
Haaglanden,27,2,64,2,128,0.4,0.01,64,1.372025966644287,0.3725000023841858,4,Hill Climbing
Haaglanden,28,3,96,5,128,0.1,0.0001,16,1.0955573320388794,0.550000011920929,4,Hill Climbing
Haaglanden,29,3,64,5,128,0.1,0.0001,16,1.1380441188812256,0.5131250023841858,4,Hill Climbing
Haaglanden,30,3,96,4,128,0.1,0.0001,16,1.0987238883972168,0.5287500023841858,4,Hill Climbing
Haaglanden,31,3,96,5,128,0.2,0.0001,16,1.0644152164459229,0.5506250262260437,4,Hill Climbing
Haaglanden,32,3,96,5,128,0.2,0.0001,32,1.1376341581344604,0.5099999904632568,4,Hill Climbing
Haaglanden,33,3,96,5,128,0.1,0.0001,16,1.1440998315811157,0.5256249904632568,4,Hill Climbing
Haaglanden,34,3,128,5,128,0.2,0.0001,16,1.1211514472961426,0.5256249904632568,4,Hill Climbing
Haaglanden,35,3,96,5,128,0.3,0.0001,16,1.2772364616394043,0.4781250059604645,4,Hill Climbing
Haaglanden,36,3,96,4,128,0.2,0.0001,16,1.1530821323394775,0.5037500262260437,4,Hill Climbing
Haaglanden,37,3,96,5,96,0.2,0.0001,16,1.2105739116668701,0.4762499928474426,4,Hill Climbing
Haaglanden,38,3,64,5,128,0.2,0.0001,16,1.214128851890564,0.46937501430511475,4,Hill Climbing
Haaglanden,39,3,96,5,128,0.2,0.0005,16,1.0916235446929932,0.5393750071525574,4,Hill Climbing
Haaglanden,40,4,64,3,96,0.1,0.0005,48,1.3502529859542847,0.4387499988079071,4,Hill Climbing
Haaglanden,41,4,64,3,96,0.1,0.0001,48,1.298949122428894,0.4325000047683716,4,Hill Climbing
Haaglanden,42,4,64,3,96,0.2,0.0001,48,1.3362175226211548,0.42750000953674316,4,Hill Climbing
Haaglanden,43,4,64,3,96,0.1,0.0001,64,1.4106345176696777,0.3831250071525574,4,Hill Climbing
Haaglanden,44,4,96,3,96,0.1,0.0001,48,1.2858227491378784,0.43562498688697815,4,Hill Climbing
Haaglanden,45,4,96,4,96,0.1,0.0001,48,1.3276655673980713,0.41874998807907104,4,Hill Climbing
Haaglanden,46,4,96,3,96,0.2,0.0001,48,1.3529168367385864,0.3981249928474426,4,Hill Climbing
Haaglanden,47,4,96,3,96,0.1,0.0001,64,1.5123590230941772,0.3487499952316284,4,Hill Climbing
Haaglanden,48,4,96,3,96,0.1,0.0005,48,1.2558716535568237,0.4762499928474426,4,Hill Climbing
Haaglanden,49,4,96,3,96,0.1,0.0005,32,1.139104962348938,0.5131250023841858,4,Hill Climbing
Haaglanden,50,4,96,3,96,0.1,0.0005,16,1.1094841957092285,0.5274999737739563,4,Hill Climbing
Haaglanden,51,4,128,3,96,0.1,0.0005,16,1.1201906204223633,0.5137500166893005,4,Hill Climbing
Haaglanden,52,4,96,3,96,0.1,0.0001,16,1.118850588798523,0.5274999737739563,4,Hill Climbing
Haaglanden,53,4,96,2,96,0.1,0.0005,16,1.1444495916366577,0.5231249928474426,4,Hill Climbing
Haaglanden,54,4,96,3,96,0.1,0.0005,32,1.196916937828064,0.4662500023841858,4,Hill Climbing
Haaglanden,55,4,96,3,96,0.1,0.001,16,1.1830439567565918,0.5056250095367432,4,Hill Climbing
Haaglanden,56,4,96,3,128,0.1,0.0005,16,1.1279916763305664,0.5268750190734863,4,Hill Climbing
Haaglanden,57,4,64,3,96,0.1,0.0005,16,1.1198021173477173,0.5206249952316284,4,Hill Climbing
Haaglanden,58,4,96,3,64,0.1,0.0005,16,1.1599228382110596,0.4881249964237213,4,Hill Climbing
Haaglanden,59,4,96,4,96,0.1,0.0005,16,1.0614906549453735,0.5450000166893005,4,Hill Climbing
Haaglanden,60,4,96,4,128,0.1,0.0005,16,1.036681890487671,0.5668749809265137,4,Hill Climbing
Haaglanden,61,4,96,3,128,0.1,0.0005,16,1.0483944416046143,0.546875,4,Hill Climbing
Haaglanden,62,4,96,5,128,0.1,0.0005,16,1.072930932044983,0.5356249809265137,4,Hill Climbing
Haaglanden,63,4,96,4,128,0.2,0.0005,16,1.0647200345993042,0.5600000023841858,4,Hill Climbing
Haaglanden,64,4,96,4,128,0.1,0.0001,16,1.0779674053192139,0.5393750071525574,4,Hill Climbing
Haaglanden,65,4,128,4,128,0.1,0.0005,16,1.104677438735962,0.5299999713897705,4,Hill Climbing
Haaglanden,66,4,96,4,96,0.1,0.0005,16,1.1150599718093872,0.5325000286102295,4,Hill Climbing
Haaglanden,67,4,64,4,128,0.1,0.0005,16,1.1223325729370117,0.5106250047683716,4,Hill Climbing
Haaglanden,68,4,96,4,128,0.1,0.001,16,1.201602816581726,0.4975000023841858,4,Hill Climbing
Haaglanden,69,4,96,4,128,0.1,0.0005,32,1.043696403503418,0.5575000047683716,4,Hill Climbing
Haaglanden,70,5,128,3,128,0.2,0.001,64,1.6552144289016724,0.3631249964237213,4,Hill Climbing
Haaglanden,71,5,128,2,128,0.2,0.001,64,1.4325573444366455,0.3856250047683716,4,Hill Climbing
Haaglanden,72,5,96,2,128,0.2,0.001,64,1.4966425895690918,0.3943749964237213,4,Hill Climbing
Haaglanden,73,5,128,2,128,0.2,0.001,48,1.219007134437561,0.4762499928474426,4,Hill Climbing
Haaglanden,74,5,128,2,128,0.2,0.001,32,1.2533726692199707,0.4675000011920929,4,Hill Climbing
Haaglanden,75,5,128,2,96,0.2,0.001,48,1.3769440650939941,0.3893750011920929,4,Hill Climbing
Haaglanden,76,5,128,2,128,0.2,0.0005,48,1.3643035888671875,0.4325000047683716,4,Hill Climbing
Haaglanden,77,5,128,3,128,0.2,0.001,48,1.3437139987945557,0.4412499964237213,4,Hill Climbing
Haaglanden,78,5,128,2,128,0.3,0.001,48,1.2142621278762817,0.4675000011920929,4,Hill Climbing
Haaglanden,79,5,128,2,128,0.3,0.001,32,1.2691240310668945,0.4412499964237213,4,Hill Climbing
Haaglanden,80,5,128,3,128,0.3,0.001,48,1.3407331705093384,0.4350000023841858,4,Hill Climbing
Haaglanden,81,5,128,2,128,0.3,0.005,48,3.3287291526794434,0.2056249976158142,3,Hill Climbing
Haaglanden,82,5,128,2,128,0.3,0.001,64,1.6330633163452148,0.3675000071525574,4,Hill Climbing
Haaglanden,83,5,128,2,96,0.3,0.001,48,1.4179801940917969,0.421875,4,Hill Climbing
Haaglanden,84,5,128,2,128,0.2,0.001,48,1.5022274255752563,0.3556250035762787,4,Hill Climbing
Haaglanden,85,5,128,2,128,0.4,0.001,48,1.4424951076507568,0.41187500953674316,4,Hill Climbing
Haaglanden,86,5,128,2,128,0.3,0.0005,48,1.3729721307754517,0.4293749928474426,4,Hill Climbing
Haaglanden,87,5,96,2,128,0.3,0.001,48,1.2987017631530762,0.4518750011920929,4,Hill Climbing
Haaglanden,88,6,32,4,96,0.4,0.01,48,1.3801350593566895,0.40187498927116394,3,Hill Climbing
Haaglanden,89,6,32,4,96,0.4,0.005,48,1.2086265087127686,0.4493750035762787,4,Hill Climbing
Haaglanden,90,6,32,4,96,0.3,0.005,48,1.2435696125030518,0.4675000011920929,4,Hill Climbing
Haaglanden,91,6,32,4,96,0.4,0.001,48,1.3010568618774414,0.47187501192092896,4,Hill Climbing
Haaglanden,92,6,32,4,96,0.4,0.01,48,1.2238539457321167,0.45500001311302185,4,Hill Climbing
Haaglanden,93,6,64,4,96,0.4,0.005,48,1.2460819482803345,0.44999998807907104,4,Hill Climbing
Haaglanden,94,6,32,4,96,0.4,0.005,32,1.2788692712783813,0.43437498807907104,4,Hill Climbing
Haaglanden,95,6,16,4,96,0.4,0.005,48,1.3321560621261597,0.41062501072883606,4,Hill Climbing
Haaglanden,96,6,32,4,96,0.5,0.005,48,1.3598703145980835,0.4143750071525574,4,Hill Climbing
Haaglanden,97,6,32,3,96,0.4,0.005,48,1.3312335014343262,0.40437498688697815,4,Hill Climbing
Haaglanden,98,6,32,4,128,0.4,0.005,48,1.1847397089004517,0.4950000047683716,4,Hill Climbing
Haaglanden,99,6,32,4,128,0.5,0.005,48,1.3318071365356445,0.3987500071525574,4,Hill Climbing
Haaglanden,100,6,16,4,128,0.4,0.005,48,1.2322577238082886,0.46312499046325684,4,Hill Climbing
