dataset,filters,kernel_size,lstm_units,dropout,learning_rate,batch_size,val_loss,val_accuracy,precision,recall,f1,epochs_used,method
Sleep-EDF,16,2,96,0.2,0.0005,32,1.0154870748519897,0.56015625,0.5289119089920793,0.5494584584580191,0.5346314765673078,4,Simulated Annealing
Sleep-EDF,32,2,96,0.2,0.0005,32,0.9376044273376465,0.60078125,0.5804464579185318,0.5876546130292589,0.5758818825162562,4,Simulated Annealing
Sleep-EDF,32,2,96,0.2,0.001,32,1.0453236103057861,0.5515625,0.53798729302673,0.5353294544491038,0.5149256590921844,4,Simulated Annealing
Sleep-EDF,32,2,128,0.2,0.001,32,0.9343347549438477,0.6046875,0.6232861573349936,0.5983541382830714,0.6075292299055841,4,Simulated Annealing
Sleep-EDF,32,2,96,0.2,0.001,32,0.9975436329841614,0.57109375,0.5554796740550249,0.5567808669353311,0.547201240888336,4,Simulated Annealing
Sleep-EDF,32,2,96,0.2,0.001,48,1.1175951957702637,0.54765625,0.5321505653223445,0.5301619633466211,0.4961367507783302,4,Simulated Annealing
Sleep-EDF,64,2,96,0.2,0.001,48,1.017374873161316,0.5546875,0.5868487922683294,0.5396914607367812,0.5287845103497226,4,Simulated Annealing
Sleep-EDF,64,2,64,0.2,0.001,48,1.1880556344985962,0.50703125,0.4917474881018566,0.48800136219894374,0.468599825152356,4,Simulated Annealing
Sleep-EDF,64,2,96,0.2,0.001,32,0.9204419851303101,0.59609375,0.5980968766827764,0.584984327480656,0.5734875762282903,4,Simulated Annealing
Sleep-EDF,64,2,128,0.2,0.001,32,0.9288274049758911,0.57265625,0.5618369763132086,0.5566075711588997,0.5486878786366873,4,Simulated Annealing
Sleep-EDF,64,2,128,0.2,0.001,48,1.0113757848739624,0.5453125,0.5261533533177223,0.5253273217612112,0.5115261098218491,4,Simulated Annealing
Sleep-EDF,64,2,128,0.2,0.005,48,1.1689594984054565,0.5234375,0.534339105373181,0.5194172349137826,0.4710417257835102,4,Simulated Annealing
Sleep-EDF,64,3,128,0.2,0.005,48,1.08743155002594,0.54765625,0.5376681176120659,0.5280316921327212,0.5107414952714133,4,Simulated Annealing
Sleep-EDF,32,3,128,0.2,0.005,48,0.9916040301322937,0.553125,0.5875162854661262,0.5378677823813603,0.518555052858345,4,Simulated Annealing
Sleep-EDF,32,3,128,0.1,0.005,48,1.1693531274795532,0.4796875,0.6249835456144185,0.48620107383726036,0.4690836302563187,4,Simulated Annealing
Sleep-EDF,32,3,128,0.2,0.005,64,1.1193715333938599,0.521875,0.48877189477189475,0.5019147050958539,0.4597826645799226,4,Simulated Annealing
Sleep-EDF,32,3,128,0.2,0.001,48,1.1070424318313599,0.53125,0.5434787005129328,0.5197361051202546,0.5249379913595844,4,Simulated Annealing
Sleep-EDF,16,3,128,0.2,0.001,48,1.0274258852005005,0.5671875,0.5624876828973179,0.5577139505275295,0.5540478321401159,4,Simulated Annealing
Sleep-EDF,16,2,128,0.2,0.001,48,1.041944146156311,0.5796875,0.6167141474947517,0.5690300178434612,0.567537918548161,4,Simulated Annealing
Sleep-EDF,16,2,128,0.2,0.001,32,1.135669231414795,0.5328125,0.5042692490841012,0.5123807028826003,0.4602428935400213,4,Simulated Annealing
Sleep-EDF,16,3,128,0.2,0.001,32,0.9211403727531433,0.61953125,0.5858846062053483,0.6036230057843227,0.5816188199401671,4,Simulated Annealing
Sleep-EDF,16,3,128,0.2,0.001,16,0.8991050720214844,0.6078125,0.6049192695938186,0.5933295409697326,0.5934383497515563,4,Simulated Annealing
Sleep-EDF,16,3,128,0.2,0.001,32,1.010041356086731,0.55,0.5490996422022777,0.5331315471922439,0.527539487361034,4,Simulated Annealing
Sleep-EDF,16,3,128,0.1,0.001,32,0.9806577563285828,0.56953125,0.5270373693418329,0.5535062018861734,0.5305232303567129,4,Simulated Annealing
Sleep-EDF,32,3,128,0.1,0.001,32,0.8801940083503723,0.62265625,0.6163185633502068,0.6071578630208919,0.5883635527594361,4,Simulated Annealing
Sleep-EDF,32,3,128,0.1,0.005,32,0.970437228679657,0.5734375,0.5702671846660121,0.5657761724844579,0.5589306009735613,4,Simulated Annealing
Sleep-EDF,32,3,128,0.1,0.0005,32,0.9094905853271484,0.59296875,0.5737915682536661,0.5764917128073473,0.5645859726216973,4,Simulated Annealing
Sleep-EDF,32,3,128,0.2,0.0005,32,0.9010448455810547,0.6140625,0.6126411010322984,0.6014035087608531,0.5894303155141895,4,Simulated Annealing
Sleep-EDF,32,3,128,0.3,0.0005,32,1.089313268661499,0.534375,0.5148174919994826,0.5171942593750384,0.49096375428912575,4,Simulated Annealing
Sleep-EDF,16,3,128,0.3,0.0005,32,1.1040347814559937,0.54375,0.49528849424195015,0.5263619028980722,0.4866235550201904,4,Simulated Annealing
Sleep-EDF,16,3,128,0.3,0.0001,32,1.1538819074630737,0.52890625,0.48021356643433444,0.5079493766752845,0.45144829473391185,4,Simulated Annealing
Sleep-EDF,16,3,128,0.3,0.0001,32,1.1588819026947021,0.50703125,0.4172822492614651,0.48671913842875086,0.41723382287486543,4,Simulated Annealing
Sleep-EDF,16,3,96,0.3,0.0001,32,1.1170240640640259,0.525,0.46199246520833215,0.5084680610421566,0.45484205600000865,4,Simulated Annealing
Sleep-EDF,16,3,96,0.4,0.0001,32,1.1458395719528198,0.534375,0.4863644463644464,0.5138883293121873,0.4266292242681877,4,Simulated Annealing
Sleep-EDF,16,3,64,0.4,0.0001,32,1.2693321704864502,0.4265625,0.34579626015750964,0.4061287962722405,0.2933568230957874,4,Simulated Annealing
Sleep-EDF,16,3,64,0.4,0.0001,32,1.3032493591308594,0.4171875,0.37588813303099017,0.3952854730738561,0.2760863275702948,4,Simulated Annealing
Sleep-EDF,16,3,96,0.4,0.0001,16,1.2371906042099,0.46796875,0.40643538863333195,0.4483474617557466,0.36695826802514214,4,Simulated Annealing
Sleep-EDF,16,3,96,0.5,0.0001,16,1.2727241516113281,0.44921875,0.405060849113842,0.42809538907916006,0.32124104401928044,4,Simulated Annealing
Sleep-EDF,16,4,96,0.5,0.0001,16,1.1881470680236816,0.4921875,0.4470386762779275,0.47023382688105986,0.3981515106736,4,Simulated Annealing
Sleep-EDF,16,4,96,0.5,0.0001,32,1.33847975730896,0.41171875,0.4669314477046436,0.3898072061288112,0.2839744106030622,4,Simulated Annealing
Sleep-EDF,32,4,96,0.5,0.0001,32,1.265623688697815,0.44609375,0.40162964860733164,0.42510483372185626,0.3245821909156488,4,Simulated Annealing
Sleep-EDF,32,4,96,0.4,0.0001,32,1.3452565670013428,0.45859375,0.4076556048559019,0.4362733070824486,0.3391424503077603,4,Simulated Annealing
Sleep-EDF,32,4,96,0.4,0.0001,48,1.320469617843628,0.41796875,0.37656420873812174,0.39709470152636694,0.2931276581704978,4,Simulated Annealing
Sleep-EDF,32,3,96,0.4,0.0001,48,1.3655738830566406,0.40546875,0.33194549375277077,0.3836927568641887,0.2764809981900469,4,Simulated Annealing
Sleep-EDF,32,2,96,0.4,0.0001,48,1.3910857439041138,0.4171875,0.38907498521772066,0.3951635268826768,0.29750798348425916,4,Simulated Annealing
Sleep-EDF,32,2,96,0.4,0.0005,48,1.0826058387756348,0.54609375,0.5069879581905525,0.5344974278121707,0.5072680638346939,4,Simulated Annealing
Sleep-EDF,32,2,64,0.4,0.0005,48,1.1727830171585083,0.48359375,0.43470856696605303,0.46363180216541267,0.4169962118822399,4,Simulated Annealing
Sleep-EDF,32,2,64,0.4,0.0001,48,1.5493601560592651,0.325,0.3458656745792698,0.31669793763515874,0.3109098623787581,4,Simulated Annealing
Sleep-EDF,32,2,64,0.4,0.0005,32,1.0595756769180298,0.5375,0.5060172073609522,0.5264513961566828,0.5085817436594692,4,Simulated Annealing
Sleep-EDF,64,2,64,0.4,0.0005,32,0.999173641204834,0.5734375,0.5404375087976439,0.5592993111309259,0.5405424228677839,4,Simulated Annealing
Sleep-EDF,64,3,64,0.4,0.0005,32,0.9507859945297241,0.5859375,0.5553931452667314,0.5694523906530711,0.5453987076523024,4,Simulated Annealing
Sleep-EDF,64,3,64,0.4,0.0001,32,1.2075690031051636,0.4703125,0.4051642386014052,0.4519049345897105,0.38064469674789597,4,Simulated Annealing
Sleep-EDF,64,3,64,0.4,0.0005,16,0.9307129979133606,0.6015625,0.5949099236202542,0.5900602784872016,0.5771462038558973,4,Simulated Annealing
Sleep-EDF,64,3,64,0.4,0.001,16,0.9176784753799438,0.60234375,0.5840857352432313,0.589973849203021,0.5801638659840194,4,Simulated Annealing
Sleep-EDF,32,3,64,0.4,0.001,16,0.9579461812973022,0.60546875,0.5801359835234573,0.5872048207344502,0.5576091697814205,4,Simulated Annealing
Sleep-EDF,64,3,64,0.4,0.001,32,0.9257991909980774,0.59140625,0.5840385699744246,0.5790777364900815,0.5633297012152441,4,Simulated Annealing
Sleep-EDF,96,3,64,0.4,0.001,32,0.937658965587616,0.59140625,0.5592276796398339,0.5759858678774739,0.5565650218315555,4,Simulated Annealing
Sleep-EDF,64,3,64,0.3,0.001,32,0.9829027056694031,0.57265625,0.560836916399643,0.5587970076744428,0.5416402805138076,4,Simulated Annealing
Sleep-EDF,64,3,64,0.4,0.001,48,1.0073983669281006,0.55390625,0.5180406203041873,0.5373210967113207,0.5097043270379829,4,Simulated Annealing
Sleep-EDF,64,4,64,0.4,0.001,32,0.9347152709960938,0.603125,0.5787649433998101,0.5857967912488864,0.5696031135357634,4,Simulated Annealing
Sleep-EDF,64,4,96,0.4,0.001,32,0.9166433215141296,0.61640625,0.6081294231595618,0.5999716907796748,0.591588875607818,4,Simulated Annealing
Sleep-EDF,64,4,96,0.4,0.001,16,0.9380637407302856,0.60859375,0.586995392366054,0.5934561858701606,0.5713306016766715,4,Simulated Annealing
Sleep-EDF,64,4,96,0.4,0.0005,16,0.9740424156188965,0.56875,0.5267706151984737,0.5533255848875612,0.5223707546933586,4,Simulated Annealing
Sleep-EDF,64,4,96,0.3,0.0005,16,0.8765119314193726,0.63515625,0.6167653705541403,0.6194705488826298,0.6015016805080867,4,Simulated Annealing
Sleep-EDF,64,4,96,0.2,0.0005,16,0.891309380531311,0.62421875,0.6088753483911399,0.6118024581843636,0.6088351511876227,4,Simulated Annealing
Sleep-EDF,32,4,96,0.2,0.0005,16,0.8895705938339233,0.62890625,0.6174785091559019,0.6149208917640969,0.5942942167856783,4,Simulated Annealing
Sleep-EDF,32,5,96,0.2,0.0005,16,0.8348437547683716,0.64765625,0.6385101131761843,0.6355626231668583,0.6284873307297454,4,Simulated Annealing
Sleep-EDF,64,5,96,0.2,0.0005,16,0.8629902601242065,0.62734375,0.6304117997267412,0.6141765595661177,0.609227989020244,4,Simulated Annealing
Sleep-EDF,32,5,96,0.2,0.0005,16,0.9174121618270874,0.6265625,0.6114018108710116,0.6139348304771325,0.6006722084856329,4,Simulated Annealing
Sleep-EDF,64,4,96,0.2,0.0005,16,0.8524279594421387,0.628125,0.6385890937791536,0.6150125636114369,0.6002380410584378,4,Simulated Annealing
Sleep-EDF,64,5,96,0.2,0.0005,16,0.9049280285835266,0.621875,0.6035225954191865,0.6076409203096012,0.6013952480662271,4,Simulated Annealing
Sleep-EDF,64,3,96,0.2,0.0005,16,0.846300482749939,0.63359375,0.6090215073945501,0.616267891692771,0.5875507015980724,4,Simulated Annealing
Sleep-EDF,64,3,96,0.2,0.0005,32,0.9200458526611328,0.6140625,0.5985171261471917,0.5978955276813431,0.582938661347052,4,Simulated Annealing
Sleep-EDF,64,3,64,0.2,0.0005,16,0.9019449353218079,0.59453125,0.5845219330201059,0.5795127342657166,0.5751858309107247,4,Simulated Annealing
Sleep-EDF,64,4,96,0.2,0.0005,16,0.9062905311584473,0.61953125,0.5788504551641896,0.6027671049429896,0.5733176721212463,4,Simulated Annealing
Sleep-EDF,64,3,96,0.3,0.0005,16,0.8900430798530579,0.61953125,0.6184690035941314,0.6093652133474922,0.6037566508777336,4,Simulated Annealing
Sleep-EDF,64,3,96,0.2,0.001,16,0.9958855509757996,0.58203125,0.5866888001145028,0.5757289030212267,0.5704654141079003,4,Simulated Annealing
Sleep-EDF,64,3,128,0.2,0.0005,16,0.8875508308410645,0.63046875,0.6406655598386679,0.6154393513158954,0.5947915475732672,4,Simulated Annealing
Sleep-EDF,64,3,96,0.2,0.0005,32,0.8666878938674927,0.6203125,0.60367506663251,0.6073388404192344,0.5963550142895219,4,Simulated Annealing
Sleep-EDF,64,3,128,0.2,0.0005,16,0.8605713844299316,0.62734375,0.6256597812011296,0.614307753264618,0.6098701071871804,4,Simulated Annealing
Sleep-EDF,64,3,96,0.2,0.0005,16,0.938552975654602,0.603125,0.5861506486747038,0.5887595116009724,0.565332677385554,4,Simulated Annealing
Sleep-EDF,64,4,128,0.2,0.0005,16,0.8645766973495483,0.6296875,0.6366531190460492,0.6208008563727747,0.6228364411760439,4,Simulated Annealing
Sleep-EDF,64,4,96,0.2,0.0005,16,0.9419674873352051,0.609375,0.6035501779699441,0.5970054278421044,0.5888246958858918,4,Simulated Annealing
Sleep-EDF,64,5,128,0.2,0.0005,16,0.8803111910820007,0.62421875,0.6143055820971639,0.6113776112562374,0.6044190794023614,4,Simulated Annealing
Sleep-EDF,64,4,96,0.2,0.0005,16,0.832988440990448,0.62890625,0.6245653944651464,0.6191603706415029,0.6127934503563797,4,Simulated Annealing
Sleep-EDF,64,3,96,0.2,0.0005,16,0.8741613626480103,0.61640625,0.615843437185262,0.6053993511431501,0.5978249898518115,4,Simulated Annealing
Sleep-EDF,64,4,96,0.2,0.0001,16,0.9244197607040405,0.6125,0.5938971279564106,0.5976671905850713,0.579675196447085,4,Simulated Annealing
Sleep-EDF,64,4,96,0.2,0.0001,16,0.9731189012527466,0.59453125,0.5514911267544218,0.5784030803336746,0.5530381543304885,4,Simulated Annealing
Sleep-EDF,64,3,96,0.2,0.0005,16,0.9183266758918762,0.5828125,0.5537299166056932,0.5670538802271717,0.5506695032711699,4,Simulated Annealing
Sleep-EDF,64,4,128,0.2,0.0005,16,0.8664261102676392,0.615625,0.6223236097397973,0.6029269480230564,0.5843802708710573,4,Simulated Annealing
Sleep-EDF,64,5,96,0.2,0.0005,16,0.829731285572052,0.64375,0.6313983523508269,0.6302556007538945,0.6277768413505821,4,Simulated Annealing
Sleep-EDF,32,5,96,0.2,0.0005,16,0.8984545469284058,0.6171875,0.5853094347994886,0.6032310718686091,0.5836633377815025,4,Simulated Annealing
Sleep-EDF,64,5,128,0.2,0.0005,16,0.824842631816864,0.66875,0.6617969033066877,0.659439797522033,0.6545054198230175,4,Simulated Annealing
Sleep-EDF,64,5,128,0.2,0.0005,32,0.8066273927688599,0.66875,0.6659791180319442,0.6589199005811734,0.660556168417642,4,Simulated Annealing
Sleep-EDF,96,5,128,0.2,0.0005,32,0.8445354700088501,0.65078125,0.6358131516373324,0.6360761089115815,0.6185226664740557,4,Simulated Annealing
Sleep-EDF,64,5,128,0.2,0.001,32,0.8580248951911926,0.63203125,0.6133082329098364,0.6162051211768726,0.6021432315026014,4,Simulated Annealing
Sleep-EDF,64,4,128,0.2,0.0005,32,0.8294599652290344,0.66328125,0.6629524731035212,0.6486247990608622,0.6397169821833536,4,Simulated Annealing
Sleep-EDF,64,5,96,0.2,0.0005,32,0.8361256718635559,0.65546875,0.643107652880166,0.6407917177561588,0.6281885705705702,4,Simulated Annealing
Sleep-EDF,64,5,128,0.1,0.0005,32,0.83210289478302,0.6578125,0.6538208435695256,0.6503851324823463,0.6489076888988479,4,Simulated Annealing
Sleep-EDF,64,5,128,0.2,0.0001,32,1.0149509906768799,0.578125,0.5574046479078708,0.5607215724049518,0.5356130144667489,4,Simulated Annealing
